section id,recording id,timestamp [ns]
b7ffdddf-c837-4cfb-847c-62501b01428b,171c4f52-3f2b-49b3-a00a-1e745e8c81dc,1726564009276000000
b7ffdddf-c837-4cfb-847c-62501b01428b,171c4f52-3f2b-49b3-a00a-1e745e8c81dc,1726564009326000000
b7ffdddf-c837-4cfb-847c-62501b01428b,171c4f52-3f2b-49b3-a00a-1e745e8c81dc,1726564009376000000
b7ffdddf-c837-4cfb-847c-62501b01428b,171c4f52-3f2b-49b3-a00a-1e745e8c81dc,1726564009426000000
b7ffdddf-c837-4cfb-847c-62501b01428b,171c4f52-3f2b-49b3-a00a-1e745e8c81dc,1726564009476000000
b7ffdddf-c837-4cfb-847c-62501b01428b,171c4f52-3f2b-49b3-a00a-1e745e8c81dc,1726564009526000000
b7ffdddf-c837-4cfb-847c-62501b01428b,171c4f52-3f2b-49b3-a00a-1e745e8c81dc,1726564009576000000
b7ffdddf-c837-4cfb-847c-62501b01428b,171c4f52-3f2b-49b3-a00a-1e745e8c81dc,1726564009626000000
b7ffdddf-c837-4cfb-847c-62501b01428b,171c4f52-3f2b-49b3-a00a-1e745e8c81dc,1726564009676000000
b7ffdddf-c837-4cfb-847c-62501b01428b,171c4f52-3f2b-49b3-a00a-1e745e8c81dc,1726564009726000000
b7ffdddf-c837-4cfb-847c-62501b01428b,171c4f52-3f2b-49b3-a00a-1e745e8c81dc,1726564009776000000
b7ffdddf-c837-4cfb-847c-62501b01428b,171c4f52-3f2b-49b3-a00a-1e745e8c81dc,1726564009826000000
b7ffdddf-c837-4cfb-847c-62501b01428b,171c4f52-3f2b-49b3-a00a-1e745e8c81dc,1726564009876000000
b7ffdddf-c837-4cfb-847c-62501b01428b,171c4f52-3f2b-49b3-a00a-1e745e8c81dc,1726564009926000000
b7ffdddf-c837-4cfb-847c-62501b01428b,171c4f52-3f2b-49b3-a00a-1e745e8c81dc,1726564009976000000
b7ffdddf-c837-4cfb-847c-62501b01428b,171c4f52-3f2b-49b3-a00a-1e745e8c81dc,1726564010026000000
b7ffdddf-c837-4cfb-847c-62501b01428b,171c4f52-3f2b-49b3-a00a-1e745e8c81dc,1726564010076000000
b7ffdddf-c837-4cfb-847c-62501b01428b,171c4f52-3f2b-49b3-a00a-1e745e8c81dc,1726564010126000000
b7ffdddf-c837-4cfb-847c-62501b01428b,171c4f52-3f2b-49b3-a00a-1e745e8c81dc,1726564010176000000
b7ffdddf-c837-4cfb-847c-62501b01428b,171c4f52-3f2b-49b3-a00a-1e745e8c81dc,1726564010226000000
b7ffdddf-c837-4cfb-847c-62501b01428b,171c4f52-3f2b-49b3-a00a-1e745e8c81dc,1726564010276000000
b7ffdddf-c837-4cfb-847c-62501b01428b,171c4f52-3f2b-49b3-a00a-1e745e8c81dc,1726564010326000000
b7ffdddf-c837-4cfb-847c-62501b01428b,171c4f52-3f2b-49b3-a00a-1e745e8c81dc,1726564010376000000
b7ffdddf-c837-4cfb-847c-62501b01428b,171c4f52-3f2b-49b3-a00a-1e745e8c81dc,1726564010426000000
b7ffdddf-c837-4cfb-847c-62501b01428b,171c4f52-3f2b-49b3-a00a-1e745e8c81dc,1726564010476000000
b7ffdddf-c837-4cfb-847c-62501b01428b,171c4f52-3f2b-49b3-a00a-1e745e8c81dc,1726564010526000000
b7ffdddf-c837-4cfb-847c-62501b01428b,171c4f52-3f2b-49b3-a00a-1e745e8c81dc,1726564010576000000
b7ffdddf-c837-4cfb-847c-62501b01428b,171c4f52-3f2b-49b3-a00a-1e745e8c81dc,1726564010626000000
b7ffdddf-c837-4cfb-847c-62501b01428b,171c4f52-3f2b-49b3-a00a-1e745e8c81dc,1726564010676000000
b7ffdddf-c837-4cfb-847c-62501b01428b,171c4f52-3f2b-49b3-a00a-1e745e8c81dc,1726564010726000000
b7ffdddf-c837-4cfb-847c-62501b01428b,171c4f52-3f2b-49b3-a00a-1e745e8c81dc,1726564010776000000
b7ffdddf-c837-4cfb-847c-62501b01428b,171c4f52-3f2b-49b3-a00a-1e745e8c81dc,1726564010826000000
b7ffdddf-c837-4cfb-847c-62501b01428b,171c4f52-3f2b-49b3-a00a-1e745e8c81dc,1726564010876000000
b7ffdddf-c837-4cfb-847c-62501b01428b,171c4f52-3f2b-49b3-a00a-1e745e8c81dc,1726564010926000000
b7ffdddf-c837-4cfb-847c-62501b01428b,171c4f52-3f2b-49b3-a00a-1e745e8c81dc,1726564010976000000
b7ffdddf-c837-4cfb-847c-62501b01428b,171c4f52-3f2b-49b3-a00a-1e745e8c81dc,1726564011026000000
b7ffdddf-c837-4cfb-847c-62501b01428b,171c4f52-3f2b-49b3-a00a-1e745e8c81dc,1726564011076000000
b7ffdddf-c837-4cfb-847c-62501b01428b,171c4f52-3f2b-49b3-a00a-1e745e8c81dc,1726564011126000000
b7ffdddf-c837-4cfb-847c-62501b01428b,171c4f52-3f2b-49b3-a00a-1e745e8c81dc,1726564011176000000
b7ffdddf-c837-4cfb-847c-62501b01428b,171c4f52-3f2b-49b3-a00a-1e745e8c81dc,1726564011226000000
b7ffdddf-c837-4cfb-847c-62501b01428b,171c4f52-3f2b-49b3-a00a-1e745e8c81dc,1726564011276000000
b7ffdddf-c837-4cfb-847c-62501b01428b,171c4f52-3f2b-49b3-a00a-1e745e8c81dc,1726564011325999999
b7ffdddf-c837-4cfb-847c-62501b01428b,171c4f52-3f2b-49b3-a00a-1e745e8c81dc,1726564011376000000
b7ffdddf-c837-4cfb-847c-62501b01428b,171c4f52-3f2b-49b3-a00a-1e745e8c81dc,1726564011384888888
b7ffdddf-c837-4cfb-847c-62501b01428b,171c4f52-3f2b-49b3-a00a-1e745e8c81dc,1726564011418222222
b7ffdddf-c837-4cfb-847c-62501b01428b,171c4f52-3f2b-49b3-a00a-1e745e8c81dc,1726564011451566666
b7ffdddf-c837-4cfb-847c-62501b01428b,171c4f52-3f2b-49b3-a00a-1e745e8c81dc,1726564011484911111
b7ffdddf-c837-4cfb-847c-62501b01428b,171c4f52-3f2b-49b3-a00a-1e745e8c81dc,1726564011518255555
b7ffdddf-c837-4cfb-847c-62501b01428b,171c4f52-3f2b-49b3-a00a-1e745e8c81dc,1726564011551600000
b7ffdddf-c837-4cfb-847c-62501b01428b,171c4f52-3f2b-49b3-a00a-1e745e8c81dc,1726564011584944444
b7ffdddf-c837-4cfb-847c-62501b01428b,171c4f52-3f2b-49b3-a00a-1e745e8c81dc,1726564011618277777
b7ffdddf-c837-4cfb-847c-62501b01428b,171c4f52-3f2b-49b3-a00a-1e745e8c81dc,1726564011651622222
b7ffdddf-c837-4cfb-847c-62501b01428b,171c4f52-3f2b-49b3-a00a-1e745e8c81dc,1726564011684966666
b7ffdddf-c837-4cfb-847c-62501b01428b,171c4f52-3f2b-49b3-a00a-1e745e8c81dc,1726564011718311111
b7ffdddf-c837-4cfb-847c-62501b01428b,171c4f52-3f2b-49b3-a00a-1e745e8c81dc,1726564011751655555
b7ffdddf-c837-4cfb-847c-62501b01428b,171c4f52-3f2b-49b3-a00a-1e745e8c81dc,1726564011785000000
b7ffdddf-c837-4cfb-847c-62501b01428b,171c4f52-3f2b-49b3-a00a-1e745e8c81dc,1726564011818333333
b7ffdddf-c837-4cfb-847c-62501b01428b,171c4f52-3f2b-49b3-a00a-1e745e8c81dc,1726564011851677777
b7ffdddf-c837-4cfb-847c-62501b01428b,171c4f52-3f2b-49b3-a00a-1e745e8c81dc,1726564011885022222
b7ffdddf-c837-4cfb-847c-62501b01428b,171c4f52-3f2b-49b3-a00a-1e745e8c81dc,1726564011918366666
b7ffdddf-c837-4cfb-847c-62501b01428b,171c4f52-3f2b-49b3-a00a-1e745e8c81dc,1726564011951711111
b7ffdddf-c837-4cfb-847c-62501b01428b,171c4f52-3f2b-49b3-a00a-1e745e8c81dc,1726564011985044444
b7ffdddf-c837-4cfb-847c-62501b01428b,171c4f52-3f2b-49b3-a00a-1e745e8c81dc,1726564012018388888
b7ffdddf-c837-4cfb-847c-62501b01428b,171c4f52-3f2b-49b3-a00a-1e745e8c81dc,1726564012051733333
b7ffdddf-c837-4cfb-847c-62501b01428b,171c4f52-3f2b-49b3-a00a-1e745e8c81dc,1726564012085077777
b7ffdddf-c837-4cfb-847c-62501b01428b,171c4f52-3f2b-49b3-a00a-1e745e8c81dc,1726564012118422222
b7ffdddf-c837-4cfb-847c-62501b01428b,171c4f52-3f2b-49b3-a00a-1e745e8c81dc,1726564012151766666
b7ffdddf-c837-4cfb-847c-62501b01428b,171c4f52-3f2b-49b3-a00a-1e745e8c81dc,1726564012185100000
b7ffdddf-c837-4cfb-847c-62501b01428b,171c4f52-3f2b-49b3-a00a-1e745e8c81dc,1726564012218444444
b7ffdddf-c837-4cfb-847c-62501b01428b,171c4f52-3f2b-49b3-a00a-1e745e8c81dc,1726564012251788888
b7ffdddf-c837-4cfb-847c-62501b01428b,171c4f52-3f2b-49b3-a00a-1e745e8c81dc,1726564012285133333
b7ffdddf-c837-4cfb-847c-62501b01428b,171c4f52-3f2b-49b3-a00a-1e745e8c81dc,1726564012318477777
b7ffdddf-c837-4cfb-847c-62501b01428b,171c4f52-3f2b-49b3-a00a-1e745e8c81dc,1726564012351811111
b7ffdddf-c837-4cfb-847c-62501b01428b,171c4f52-3f2b-49b3-a00a-1e745e8c81dc,1726564012385155555
b7ffdddf-c837-4cfb-847c-62501b01428b,171c4f52-3f2b-49b3-a00a-1e745e8c81dc,1726564012418500000
b7ffdddf-c837-4cfb-847c-62501b01428b,171c4f52-3f2b-49b3-a00a-1e745e8c81dc,1726564012451844444
b7ffdddf-c837-4cfb-847c-62501b01428b,171c4f52-3f2b-49b3-a00a-1e745e8c81dc,1726564012485188888
b7ffdddf-c837-4cfb-847c-62501b01428b,171c4f52-3f2b-49b3-a00a-1e745e8c81dc,1726564012518533333
b7ffdddf-c837-4cfb-847c-62501b01428b,171c4f52-3f2b-49b3-a00a-1e745e8c81dc,1726564012551866666
b7ffdddf-c837-4cfb-847c-62501b01428b,171c4f52-3f2b-49b3-a00a-1e745e8c81dc,1726564012585211111
b7ffdddf-c837-4cfb-847c-62501b01428b,171c4f52-3f2b-49b3-a00a-1e745e8c81dc,1726564012618555555
b7ffdddf-c837-4cfb-847c-62501b01428b,171c4f52-3f2b-49b3-a00a-1e745e8c81dc,1726564012651900000
b7ffdddf-c837-4cfb-847c-62501b01428b,171c4f52-3f2b-49b3-a00a-1e745e8c81dc,1726564012685244444
b7ffdddf-c837-4cfb-847c-62501b01428b,171c4f52-3f2b-49b3-a00a-1e745e8c81dc,1726564012718588888
b7ffdddf-c837-4cfb-847c-62501b01428b,171c4f52-3f2b-49b3-a00a-1e745e8c81dc,1726564012751922222
b7ffdddf-c837-4cfb-847c-62501b01428b,171c4f52-3f2b-49b3-a00a-1e745e8c81dc,1726564012785266666
b7ffdddf-c837-4cfb-847c-62501b01428b,171c4f52-3f2b-49b3-a00a-1e745e8c81dc,1726564012818611111
b7ffdddf-c837-4cfb-847c-62501b01428b,171c4f52-3f2b-49b3-a00a-1e745e8c81dc,1726564012851955555
b7ffdddf-c837-4cfb-847c-62501b01428b,171c4f52-3f2b-49b3-a00a-1e745e8c81dc,1726564012885300000
b7ffdddf-c837-4cfb-847c-62501b01428b,171c4f52-3f2b-49b3-a00a-1e745e8c81dc,1726564012918633333
b7ffdddf-c837-4cfb-847c-62501b01428b,171c4f52-3f2b-49b3-a00a-1e745e8c81dc,1726564012951977777
b7ffdddf-c837-4cfb-847c-62501b01428b,171c4f52-3f2b-49b3-a00a-1e745e8c81dc,1726564012985322222
b7ffdddf-c837-4cfb-847c-62501b01428b,171c4f52-3f2b-49b3-a00a-1e745e8c81dc,1726564013018666666
b7ffdddf-c837-4cfb-847c-62501b01428b,171c4f52-3f2b-49b3-a00a-1e745e8c81dc,1726564013052011111
b7ffdddf-c837-4cfb-847c-62501b01428b,171c4f52-3f2b-49b3-a00a-1e745e8c81dc,1726564013085355555
b7ffdddf-c837-4cfb-847c-62501b01428b,171c4f52-3f2b-49b3-a00a-1e745e8c81dc,1726564013118688888
b7ffdddf-c837-4cfb-847c-62501b01428b,171c4f52-3f2b-49b3-a00a-1e745e8c81dc,1726564013152033333
b7ffdddf-c837-4cfb-847c-62501b01428b,171c4f52-3f2b-49b3-a00a-1e745e8c81dc,1726564013185377777
b7ffdddf-c837-4cfb-847c-62501b01428b,171c4f52-3f2b-49b3-a00a-1e745e8c81dc,1726564013218722222
b7ffdddf-c837-4cfb-847c-62501b01428b,171c4f52-3f2b-49b3-a00a-1e745e8c81dc,1726564013252066666
b7ffdddf-c837-4cfb-847c-62501b01428b,171c4f52-3f2b-49b3-a00a-1e745e8c81dc,1726564013285400000
b7ffdddf-c837-4cfb-847c-62501b01428b,171c4f52-3f2b-49b3-a00a-1e745e8c81dc,1726564013318744444
b7ffdddf-c837-4cfb-847c-62501b01428b,171c4f52-3f2b-49b3-a00a-1e745e8c81dc,1726564013352088888
b7ffdddf-c837-4cfb-847c-62501b01428b,171c4f52-3f2b-49b3-a00a-1e745e8c81dc,1726564013385433333
b7ffdddf-c837-4cfb-847c-62501b01428b,171c4f52-3f2b-49b3-a00a-1e745e8c81dc,1726564013418777777
b7ffdddf-c837-4cfb-847c-62501b01428b,171c4f52-3f2b-49b3-a00a-1e745e8c81dc,1726564013452122222
b7ffdddf-c837-4cfb-847c-62501b01428b,171c4f52-3f2b-49b3-a00a-1e745e8c81dc,1726564013485455555
b7ffdddf-c837-4cfb-847c-62501b01428b,171c4f52-3f2b-49b3-a00a-1e745e8c81dc,1726564013518800000
b7ffdddf-c837-4cfb-847c-62501b01428b,171c4f52-3f2b-49b3-a00a-1e745e8c81dc,1726564013552144444
b7ffdddf-c837-4cfb-847c-62501b01428b,171c4f52-3f2b-49b3-a00a-1e745e8c81dc,1726564013585488888
b7ffdddf-c837-4cfb-847c-62501b01428b,171c4f52-3f2b-49b3-a00a-1e745e8c81dc,1726564013618833333
b7ffdddf-c837-4cfb-847c-62501b01428b,171c4f52-3f2b-49b3-a00a-1e745e8c81dc,1726564013652166666
b7ffdddf-c837-4cfb-847c-62501b01428b,171c4f52-3f2b-49b3-a00a-1e745e8c81dc,1726564013685511111
b7ffdddf-c837-4cfb-847c-62501b01428b,171c4f52-3f2b-49b3-a00a-1e745e8c81dc,1726564013718855555
b7ffdddf-c837-4cfb-847c-62501b01428b,171c4f52-3f2b-49b3-a00a-1e745e8c81dc,1726564013752200000
b7ffdddf-c837-4cfb-847c-62501b01428b,171c4f52-3f2b-49b3-a00a-1e745e8c81dc,1726564013785544444
b7ffdddf-c837-4cfb-847c-62501b01428b,171c4f52-3f2b-49b3-a00a-1e745e8c81dc,1726564013818888888
b7ffdddf-c837-4cfb-847c-62501b01428b,171c4f52-3f2b-49b3-a00a-1e745e8c81dc,1726564013852222222
b7ffdddf-c837-4cfb-847c-62501b01428b,171c4f52-3f2b-49b3-a00a-1e745e8c81dc,1726564013885566666
b7ffdddf-c837-4cfb-847c-62501b01428b,171c4f52-3f2b-49b3-a00a-1e745e8c81dc,1726564013918911111
b7ffdddf-c837-4cfb-847c-62501b01428b,171c4f52-3f2b-49b3-a00a-1e745e8c81dc,1726564013952255555
b7ffdddf-c837-4cfb-847c-62501b01428b,171c4f52-3f2b-49b3-a00a-1e745e8c81dc,1726564013985600000
b7ffdddf-c837-4cfb-847c-62501b01428b,171c4f52-3f2b-49b3-a00a-1e745e8c81dc,1726564014018933333
b7ffdddf-c837-4cfb-847c-62501b01428b,171c4f52-3f2b-49b3-a00a-1e745e8c81dc,1726564014052277777
b7ffdddf-c837-4cfb-847c-62501b01428b,171c4f52-3f2b-49b3-a00a-1e745e8c81dc,1726564014085622222
b7ffdddf-c837-4cfb-847c-62501b01428b,171c4f52-3f2b-49b3-a00a-1e745e8c81dc,1726564014118966666
b7ffdddf-c837-4cfb-847c-62501b01428b,171c4f52-3f2b-49b3-a00a-1e745e8c81dc,1726564014152311111
b7ffdddf-c837-4cfb-847c-62501b01428b,171c4f52-3f2b-49b3-a00a-1e745e8c81dc,1726564014185655555
b7ffdddf-c837-4cfb-847c-62501b01428b,171c4f52-3f2b-49b3-a00a-1e745e8c81dc,1726564014218988888
b7ffdddf-c837-4cfb-847c-62501b01428b,171c4f52-3f2b-49b3-a00a-1e745e8c81dc,1726564014252333333
b7ffdddf-c837-4cfb-847c-62501b01428b,171c4f52-3f2b-49b3-a00a-1e745e8c81dc,1726564014285677777
b7ffdddf-c837-4cfb-847c-62501b01428b,171c4f52-3f2b-49b3-a00a-1e745e8c81dc,1726564014319022222
b7ffdddf-c837-4cfb-847c-62501b01428b,171c4f52-3f2b-49b3-a00a-1e745e8c81dc,1726564014352366666
b7ffdddf-c837-4cfb-847c-62501b01428b,171c4f52-3f2b-49b3-a00a-1e745e8c81dc,1726564014385711111
b7ffdddf-c837-4cfb-847c-62501b01428b,171c4f52-3f2b-49b3-a00a-1e745e8c81dc,1726564014419044444
b7ffdddf-c837-4cfb-847c-62501b01428b,171c4f52-3f2b-49b3-a00a-1e745e8c81dc,1726564014452388888
b7ffdddf-c837-4cfb-847c-62501b01428b,171c4f52-3f2b-49b3-a00a-1e745e8c81dc,1726564014485733333
b7ffdddf-c837-4cfb-847c-62501b01428b,171c4f52-3f2b-49b3-a00a-1e745e8c81dc,1726564014519077777
b7ffdddf-c837-4cfb-847c-62501b01428b,171c4f52-3f2b-49b3-a00a-1e745e8c81dc,1726564014552422222
b7ffdddf-c837-4cfb-847c-62501b01428b,171c4f52-3f2b-49b3-a00a-1e745e8c81dc,1726564014585755555
b7ffdddf-c837-4cfb-847c-62501b01428b,171c4f52-3f2b-49b3-a00a-1e745e8c81dc,1726564014619100000
b7ffdddf-c837-4cfb-847c-62501b01428b,171c4f52-3f2b-49b3-a00a-1e745e8c81dc,1726564014652444444
b7ffdddf-c837-4cfb-847c-62501b01428b,171c4f52-3f2b-49b3-a00a-1e745e8c81dc,1726564014685788888
b7ffdddf-c837-4cfb-847c-62501b01428b,171c4f52-3f2b-49b3-a00a-1e745e8c81dc,1726564014719133333
b7ffdddf-c837-4cfb-847c-62501b01428b,171c4f52-3f2b-49b3-a00a-1e745e8c81dc,1726564014752477777
b7ffdddf-c837-4cfb-847c-62501b01428b,171c4f52-3f2b-49b3-a00a-1e745e8c81dc,1726564014785811111
b7ffdddf-c837-4cfb-847c-62501b01428b,171c4f52-3f2b-49b3-a00a-1e745e8c81dc,1726564014819155555
b7ffdddf-c837-4cfb-847c-62501b01428b,171c4f52-3f2b-49b3-a00a-1e745e8c81dc,1726564014852500000
b7ffdddf-c837-4cfb-847c-62501b01428b,171c4f52-3f2b-49b3-a00a-1e745e8c81dc,1726564014885844444
b7ffdddf-c837-4cfb-847c-62501b01428b,171c4f52-3f2b-49b3-a00a-1e745e8c81dc,1726564014919188888
b7ffdddf-c837-4cfb-847c-62501b01428b,171c4f52-3f2b-49b3-a00a-1e745e8c81dc,1726564014952522222
b7ffdddf-c837-4cfb-847c-62501b01428b,171c4f52-3f2b-49b3-a00a-1e745e8c81dc,1726564014985866666
b7ffdddf-c837-4cfb-847c-62501b01428b,171c4f52-3f2b-49b3-a00a-1e745e8c81dc,1726564015019211111
b7ffdddf-c837-4cfb-847c-62501b01428b,171c4f52-3f2b-49b3-a00a-1e745e8c81dc,1726564015052555555
b7ffdddf-c837-4cfb-847c-62501b01428b,171c4f52-3f2b-49b3-a00a-1e745e8c81dc,1726564015085900000
b7ffdddf-c837-4cfb-847c-62501b01428b,171c4f52-3f2b-49b3-a00a-1e745e8c81dc,1726564015119244444
b7ffdddf-c837-4cfb-847c-62501b01428b,171c4f52-3f2b-49b3-a00a-1e745e8c81dc,1726564015152577777
b7ffdddf-c837-4cfb-847c-62501b01428b,171c4f52-3f2b-49b3-a00a-1e745e8c81dc,1726564015185922222
b7ffdddf-c837-4cfb-847c-62501b01428b,171c4f52-3f2b-49b3-a00a-1e745e8c81dc,1726564015219266666
b7ffdddf-c837-4cfb-847c-62501b01428b,171c4f52-3f2b-49b3-a00a-1e745e8c81dc,1726564015252611111
b7ffdddf-c837-4cfb-847c-62501b01428b,171c4f52-3f2b-49b3-a00a-1e745e8c81dc,1726564015285955555
b7ffdddf-c837-4cfb-847c-62501b01428b,171c4f52-3f2b-49b3-a00a-1e745e8c81dc,1726564015319300000
b7ffdddf-c837-4cfb-847c-62501b01428b,171c4f52-3f2b-49b3-a00a-1e745e8c81dc,1726564015352633333
b7ffdddf-c837-4cfb-847c-62501b01428b,171c4f52-3f2b-49b3-a00a-1e745e8c81dc,1726564015385977777
b7ffdddf-c837-4cfb-847c-62501b01428b,171c4f52-3f2b-49b3-a00a-1e745e8c81dc,1726564015419322222
b7ffdddf-c837-4cfb-847c-62501b01428b,171c4f52-3f2b-49b3-a00a-1e745e8c81dc,1726564015452666666
b7ffdddf-c837-4cfb-847c-62501b01428b,171c4f52-3f2b-49b3-a00a-1e745e8c81dc,1726564015486011111
b7ffdddf-c837-4cfb-847c-62501b01428b,171c4f52-3f2b-49b3-a00a-1e745e8c81dc,1726564015519344444
b7ffdddf-c837-4cfb-847c-62501b01428b,171c4f52-3f2b-49b3-a00a-1e745e8c81dc,1726564015552688888
b7ffdddf-c837-4cfb-847c-62501b01428b,171c4f52-3f2b-49b3-a00a-1e745e8c81dc,1726564015586033333
b7ffdddf-c837-4cfb-847c-62501b01428b,171c4f52-3f2b-49b3-a00a-1e745e8c81dc,1726564015619377777
b7ffdddf-c837-4cfb-847c-62501b01428b,171c4f52-3f2b-49b3-a00a-1e745e8c81dc,1726564015652722222
b7ffdddf-c837-4cfb-847c-62501b01428b,171c4f52-3f2b-49b3-a00a-1e745e8c81dc,1726564015686055555
b7ffdddf-c837-4cfb-847c-62501b01428b,171c4f52-3f2b-49b3-a00a-1e745e8c81dc,1726564015719400000
b7ffdddf-c837-4cfb-847c-62501b01428b,171c4f52-3f2b-49b3-a00a-1e745e8c81dc,1726564015752744444
b7ffdddf-c837-4cfb-847c-62501b01428b,171c4f52-3f2b-49b3-a00a-1e745e8c81dc,1726564015786088888
b7ffdddf-c837-4cfb-847c-62501b01428b,171c4f52-3f2b-49b3-a00a-1e745e8c81dc,1726564015819433333
b7ffdddf-c837-4cfb-847c-62501b01428b,171c4f52-3f2b-49b3-a00a-1e745e8c81dc,1726564015852777777
b7ffdddf-c837-4cfb-847c-62501b01428b,171c4f52-3f2b-49b3-a00a-1e745e8c81dc,1726564015886111111
b7ffdddf-c837-4cfb-847c-62501b01428b,171c4f52-3f2b-49b3-a00a-1e745e8c81dc,1726564015919455555
b7ffdddf-c837-4cfb-847c-62501b01428b,171c4f52-3f2b-49b3-a00a-1e745e8c81dc,1726564015952800000
b7ffdddf-c837-4cfb-847c-62501b01428b,171c4f52-3f2b-49b3-a00a-1e745e8c81dc,1726564015986144444
b7ffdddf-c837-4cfb-847c-62501b01428b,171c4f52-3f2b-49b3-a00a-1e745e8c81dc,1726564016019488888
b7ffdddf-c837-4cfb-847c-62501b01428b,171c4f52-3f2b-49b3-a00a-1e745e8c81dc,1726564016052822222
b7ffdddf-c837-4cfb-847c-62501b01428b,171c4f52-3f2b-49b3-a00a-1e745e8c81dc,1726564016086166666
b7ffdddf-c837-4cfb-847c-62501b01428b,171c4f52-3f2b-49b3-a00a-1e745e8c81dc,1726564016119511111
b7ffdddf-c837-4cfb-847c-62501b01428b,171c4f52-3f2b-49b3-a00a-1e745e8c81dc,1726564016152855555
b7ffdddf-c837-4cfb-847c-62501b01428b,171c4f52-3f2b-49b3-a00a-1e745e8c81dc,1726564016186200000
b7ffdddf-c837-4cfb-847c-62501b01428b,171c4f52-3f2b-49b3-a00a-1e745e8c81dc,1726564016219544444
b7ffdddf-c837-4cfb-847c-62501b01428b,171c4f52-3f2b-49b3-a00a-1e745e8c81dc,1726564016252877777
b7ffdddf-c837-4cfb-847c-62501b01428b,171c4f52-3f2b-49b3-a00a-1e745e8c81dc,1726564016286222222
b7ffdddf-c837-4cfb-847c-62501b01428b,171c4f52-3f2b-49b3-a00a-1e745e8c81dc,1726564016319566666
b7ffdddf-c837-4cfb-847c-62501b01428b,171c4f52-3f2b-49b3-a00a-1e745e8c81dc,1726564016352911111
b7ffdddf-c837-4cfb-847c-62501b01428b,171c4f52-3f2b-49b3-a00a-1e745e8c81dc,1726564016386255555
b7ffdddf-c837-4cfb-847c-62501b01428b,171c4f52-3f2b-49b3-a00a-1e745e8c81dc,1726564016419600000
b7ffdddf-c837-4cfb-847c-62501b01428b,171c4f52-3f2b-49b3-a00a-1e745e8c81dc,1726564016452933333
b7ffdddf-c837-4cfb-847c-62501b01428b,171c4f52-3f2b-49b3-a00a-1e745e8c81dc,1726564016486277777
b7ffdddf-c837-4cfb-847c-62501b01428b,171c4f52-3f2b-49b3-a00a-1e745e8c81dc,1726564016519622222
b7ffdddf-c837-4cfb-847c-62501b01428b,171c4f52-3f2b-49b3-a00a-1e745e8c81dc,1726564016552966666
b7ffdddf-c837-4cfb-847c-62501b01428b,171c4f52-3f2b-49b3-a00a-1e745e8c81dc,1726564016586311111
b7ffdddf-c837-4cfb-847c-62501b01428b,171c4f52-3f2b-49b3-a00a-1e745e8c81dc,1726564016619644444
b7ffdddf-c837-4cfb-847c-62501b01428b,171c4f52-3f2b-49b3-a00a-1e745e8c81dc,1726564016652988888
b7ffdddf-c837-4cfb-847c-62501b01428b,171c4f52-3f2b-49b3-a00a-1e745e8c81dc,1726564016686333333
b7ffdddf-c837-4cfb-847c-62501b01428b,171c4f52-3f2b-49b3-a00a-1e745e8c81dc,1726564016719677777
b7ffdddf-c837-4cfb-847c-62501b01428b,171c4f52-3f2b-49b3-a00a-1e745e8c81dc,1726564016753022222
b7ffdddf-c837-4cfb-847c-62501b01428b,171c4f52-3f2b-49b3-a00a-1e745e8c81dc,1726564016786366666
b7ffdddf-c837-4cfb-847c-62501b01428b,171c4f52-3f2b-49b3-a00a-1e745e8c81dc,1726564016819700000
b7ffdddf-c837-4cfb-847c-62501b01428b,171c4f52-3f2b-49b3-a00a-1e745e8c81dc,1726564016853044444
b7ffdddf-c837-4cfb-847c-62501b01428b,171c4f52-3f2b-49b3-a00a-1e745e8c81dc,1726564016886388888
b7ffdddf-c837-4cfb-847c-62501b01428b,171c4f52-3f2b-49b3-a00a-1e745e8c81dc,1726564016919733333
b7ffdddf-c837-4cfb-847c-62501b01428b,171c4f52-3f2b-49b3-a00a-1e745e8c81dc,1726564016953077777
b7ffdddf-c837-4cfb-847c-62501b01428b,171c4f52-3f2b-49b3-a00a-1e745e8c81dc,1726564016986411111
b7ffdddf-c837-4cfb-847c-62501b01428b,171c4f52-3f2b-49b3-a00a-1e745e8c81dc,1726564017019755555
b7ffdddf-c837-4cfb-847c-62501b01428b,171c4f52-3f2b-49b3-a00a-1e745e8c81dc,1726564017053100000
b7ffdddf-c837-4cfb-847c-62501b01428b,171c4f52-3f2b-49b3-a00a-1e745e8c81dc,1726564017086444444
b7ffdddf-c837-4cfb-847c-62501b01428b,171c4f52-3f2b-49b3-a00a-1e745e8c81dc,1726564017119788888
b7ffdddf-c837-4cfb-847c-62501b01428b,171c4f52-3f2b-49b3-a00a-1e745e8c81dc,1726564017153133333
b7ffdddf-c837-4cfb-847c-62501b01428b,171c4f52-3f2b-49b3-a00a-1e745e8c81dc,1726564017186466666
b7ffdddf-c837-4cfb-847c-62501b01428b,171c4f52-3f2b-49b3-a00a-1e745e8c81dc,1726564017219811111
b7ffdddf-c837-4cfb-847c-62501b01428b,171c4f52-3f2b-49b3-a00a-1e745e8c81dc,1726564017253155555
b7ffdddf-c837-4cfb-847c-62501b01428b,171c4f52-3f2b-49b3-a00a-1e745e8c81dc,1726564017286500000
b7ffdddf-c837-4cfb-847c-62501b01428b,171c4f52-3f2b-49b3-a00a-1e745e8c81dc,1726564017319844444
b7ffdddf-c837-4cfb-847c-62501b01428b,171c4f52-3f2b-49b3-a00a-1e745e8c81dc,1726564017353188888
b7ffdddf-c837-4cfb-847c-62501b01428b,171c4f52-3f2b-49b3-a00a-1e745e8c81dc,1726564017386522222
b7ffdddf-c837-4cfb-847c-62501b01428b,171c4f52-3f2b-49b3-a00a-1e745e8c81dc,1726564017419866666
b7ffdddf-c837-4cfb-847c-62501b01428b,171c4f52-3f2b-49b3-a00a-1e745e8c81dc,1726564017453211111
b7ffdddf-c837-4cfb-847c-62501b01428b,171c4f52-3f2b-49b3-a00a-1e745e8c81dc,1726564017486555555
b7ffdddf-c837-4cfb-847c-62501b01428b,171c4f52-3f2b-49b3-a00a-1e745e8c81dc,1726564017519900000
b7ffdddf-c837-4cfb-847c-62501b01428b,171c4f52-3f2b-49b3-a00a-1e745e8c81dc,1726564017553233333
b7ffdddf-c837-4cfb-847c-62501b01428b,171c4f52-3f2b-49b3-a00a-1e745e8c81dc,1726564017586577777
b7ffdddf-c837-4cfb-847c-62501b01428b,171c4f52-3f2b-49b3-a00a-1e745e8c81dc,1726564017619922222
b7ffdddf-c837-4cfb-847c-62501b01428b,171c4f52-3f2b-49b3-a00a-1e745e8c81dc,1726564017653266666
b7ffdddf-c837-4cfb-847c-62501b01428b,171c4f52-3f2b-49b3-a00a-1e745e8c81dc,1726564017686611111
b7ffdddf-c837-4cfb-847c-62501b01428b,171c4f52-3f2b-49b3-a00a-1e745e8c81dc,1726564017719955555
b7ffdddf-c837-4cfb-847c-62501b01428b,171c4f52-3f2b-49b3-a00a-1e745e8c81dc,1726564017753288888
b7ffdddf-c837-4cfb-847c-62501b01428b,171c4f52-3f2b-49b3-a00a-1e745e8c81dc,1726564017786633333
b7ffdddf-c837-4cfb-847c-62501b01428b,171c4f52-3f2b-49b3-a00a-1e745e8c81dc,1726564017819977777
b7ffdddf-c837-4cfb-847c-62501b01428b,171c4f52-3f2b-49b3-a00a-1e745e8c81dc,1726564017853322222
b7ffdddf-c837-4cfb-847c-62501b01428b,171c4f52-3f2b-49b3-a00a-1e745e8c81dc,1726564017886666666
b7ffdddf-c837-4cfb-847c-62501b01428b,171c4f52-3f2b-49b3-a00a-1e745e8c81dc,1726564017920000000
b7ffdddf-c837-4cfb-847c-62501b01428b,171c4f52-3f2b-49b3-a00a-1e745e8c81dc,1726564017953344444
b7ffdddf-c837-4cfb-847c-62501b01428b,171c4f52-3f2b-49b3-a00a-1e745e8c81dc,1726564017986688888
b7ffdddf-c837-4cfb-847c-62501b01428b,171c4f52-3f2b-49b3-a00a-1e745e8c81dc,1726564018020033333
b7ffdddf-c837-4cfb-847c-62501b01428b,171c4f52-3f2b-49b3-a00a-1e745e8c81dc,1726564018053377777
b7ffdddf-c837-4cfb-847c-62501b01428b,171c4f52-3f2b-49b3-a00a-1e745e8c81dc,1726564018086722222
b7ffdddf-c837-4cfb-847c-62501b01428b,171c4f52-3f2b-49b3-a00a-1e745e8c81dc,1726564018120055555
b7ffdddf-c837-4cfb-847c-62501b01428b,171c4f52-3f2b-49b3-a00a-1e745e8c81dc,1726564018153400000
b7ffdddf-c837-4cfb-847c-62501b01428b,171c4f52-3f2b-49b3-a00a-1e745e8c81dc,1726564018186744444
b7ffdddf-c837-4cfb-847c-62501b01428b,171c4f52-3f2b-49b3-a00a-1e745e8c81dc,1726564018220088888
b7ffdddf-c837-4cfb-847c-62501b01428b,171c4f52-3f2b-49b3-a00a-1e745e8c81dc,1726564018253433333
b7ffdddf-c837-4cfb-847c-62501b01428b,171c4f52-3f2b-49b3-a00a-1e745e8c81dc,1726564018286766666
b7ffdddf-c837-4cfb-847c-62501b01428b,171c4f52-3f2b-49b3-a00a-1e745e8c81dc,1726564018320111111
b7ffdddf-c837-4cfb-847c-62501b01428b,171c4f52-3f2b-49b3-a00a-1e745e8c81dc,1726564018353455555
b7ffdddf-c837-4cfb-847c-62501b01428b,171c4f52-3f2b-49b3-a00a-1e745e8c81dc,1726564018386800000
b7ffdddf-c837-4cfb-847c-62501b01428b,171c4f52-3f2b-49b3-a00a-1e745e8c81dc,1726564018420144444
b7ffdddf-c837-4cfb-847c-62501b01428b,171c4f52-3f2b-49b3-a00a-1e745e8c81dc,1726564018453488888
b7ffdddf-c837-4cfb-847c-62501b01428b,171c4f52-3f2b-49b3-a00a-1e745e8c81dc,1726564018486822222
b7ffdddf-c837-4cfb-847c-62501b01428b,171c4f52-3f2b-49b3-a00a-1e745e8c81dc,1726564018520166666
b7ffdddf-c837-4cfb-847c-62501b01428b,171c4f52-3f2b-49b3-a00a-1e745e8c81dc,1726564018553511111
b7ffdddf-c837-4cfb-847c-62501b01428b,171c4f52-3f2b-49b3-a00a-1e745e8c81dc,1726564018586855555
b7ffdddf-c837-4cfb-847c-62501b01428b,171c4f52-3f2b-49b3-a00a-1e745e8c81dc,1726564018620200000
b7ffdddf-c837-4cfb-847c-62501b01428b,171c4f52-3f2b-49b3-a00a-1e745e8c81dc,1726564018653533333
b7ffdddf-c837-4cfb-847c-62501b01428b,171c4f52-3f2b-49b3-a00a-1e745e8c81dc,1726564018686877777
b7ffdddf-c837-4cfb-847c-62501b01428b,171c4f52-3f2b-49b3-a00a-1e745e8c81dc,1726564018720222222
b7ffdddf-c837-4cfb-847c-62501b01428b,171c4f52-3f2b-49b3-a00a-1e745e8c81dc,1726564018753566666
b7ffdddf-c837-4cfb-847c-62501b01428b,171c4f52-3f2b-49b3-a00a-1e745e8c81dc,1726564018786911111
b7ffdddf-c837-4cfb-847c-62501b01428b,171c4f52-3f2b-49b3-a00a-1e745e8c81dc,1726564018820255555
b7ffdddf-c837-4cfb-847c-62501b01428b,171c4f52-3f2b-49b3-a00a-1e745e8c81dc,1726564018853588888
b7ffdddf-c837-4cfb-847c-62501b01428b,171c4f52-3f2b-49b3-a00a-1e745e8c81dc,1726564018886933333
b7ffdddf-c837-4cfb-847c-62501b01428b,171c4f52-3f2b-49b3-a00a-1e745e8c81dc,1726564018920277777
b7ffdddf-c837-4cfb-847c-62501b01428b,171c4f52-3f2b-49b3-a00a-1e745e8c81dc,1726564018953622222
b7ffdddf-c837-4cfb-847c-62501b01428b,171c4f52-3f2b-49b3-a00a-1e745e8c81dc,1726564018986966666
b7ffdddf-c837-4cfb-847c-62501b01428b,171c4f52-3f2b-49b3-a00a-1e745e8c81dc,1726564019020311111
b7ffdddf-c837-4cfb-847c-62501b01428b,171c4f52-3f2b-49b3-a00a-1e745e8c81dc,1726564019053644444
b7ffdddf-c837-4cfb-847c-62501b01428b,171c4f52-3f2b-49b3-a00a-1e745e8c81dc,1726564019086988888
b7ffdddf-c837-4cfb-847c-62501b01428b,171c4f52-3f2b-49b3-a00a-1e745e8c81dc,1726564019120333333
b7ffdddf-c837-4cfb-847c-62501b01428b,171c4f52-3f2b-49b3-a00a-1e745e8c81dc,1726564019153677777
b7ffdddf-c837-4cfb-847c-62501b01428b,171c4f52-3f2b-49b3-a00a-1e745e8c81dc,1726564019187022222
b7ffdddf-c837-4cfb-847c-62501b01428b,171c4f52-3f2b-49b3-a00a-1e745e8c81dc,1726564019220355555
b7ffdddf-c837-4cfb-847c-62501b01428b,171c4f52-3f2b-49b3-a00a-1e745e8c81dc,1726564019253700000
b7ffdddf-c837-4cfb-847c-62501b01428b,171c4f52-3f2b-49b3-a00a-1e745e8c81dc,1726564019287044444
b7ffdddf-c837-4cfb-847c-62501b01428b,171c4f52-3f2b-49b3-a00a-1e745e8c81dc,1726564019320388888
b7ffdddf-c837-4cfb-847c-62501b01428b,171c4f52-3f2b-49b3-a00a-1e745e8c81dc,1726564019353733333
b7ffdddf-c837-4cfb-847c-62501b01428b,171c4f52-3f2b-49b3-a00a-1e745e8c81dc,1726564019387077777
b7ffdddf-c837-4cfb-847c-62501b01428b,171c4f52-3f2b-49b3-a00a-1e745e8c81dc,1726564019420411111
b7ffdddf-c837-4cfb-847c-62501b01428b,171c4f52-3f2b-49b3-a00a-1e745e8c81dc,1726564019453755555
b7ffdddf-c837-4cfb-847c-62501b01428b,171c4f52-3f2b-49b3-a00a-1e745e8c81dc,1726564019487100000
b7ffdddf-c837-4cfb-847c-62501b01428b,171c4f52-3f2b-49b3-a00a-1e745e8c81dc,1726564019520444444
b7ffdddf-c837-4cfb-847c-62501b01428b,171c4f52-3f2b-49b3-a00a-1e745e8c81dc,1726564019553788888
b7ffdddf-c837-4cfb-847c-62501b01428b,171c4f52-3f2b-49b3-a00a-1e745e8c81dc,1726564019587122222
b7ffdddf-c837-4cfb-847c-62501b01428b,171c4f52-3f2b-49b3-a00a-1e745e8c81dc,1726564019620466666
b7ffdddf-c837-4cfb-847c-62501b01428b,171c4f52-3f2b-49b3-a00a-1e745e8c81dc,1726564019653811111
b7ffdddf-c837-4cfb-847c-62501b01428b,171c4f52-3f2b-49b3-a00a-1e745e8c81dc,1726564019687155555
b7ffdddf-c837-4cfb-847c-62501b01428b,171c4f52-3f2b-49b3-a00a-1e745e8c81dc,1726564019720500000
b7ffdddf-c837-4cfb-847c-62501b01428b,171c4f52-3f2b-49b3-a00a-1e745e8c81dc,1726564019753844444
b7ffdddf-c837-4cfb-847c-62501b01428b,171c4f52-3f2b-49b3-a00a-1e745e8c81dc,1726564019787177777
b7ffdddf-c837-4cfb-847c-62501b01428b,171c4f52-3f2b-49b3-a00a-1e745e8c81dc,1726564019820522222
b7ffdddf-c837-4cfb-847c-62501b01428b,171c4f52-3f2b-49b3-a00a-1e745e8c81dc,1726564019853866666
b7ffdddf-c837-4cfb-847c-62501b01428b,171c4f52-3f2b-49b3-a00a-1e745e8c81dc,1726564019887211111
b7ffdddf-c837-4cfb-847c-62501b01428b,171c4f52-3f2b-49b3-a00a-1e745e8c81dc,1726564019920555555
b7ffdddf-c837-4cfb-847c-62501b01428b,171c4f52-3f2b-49b3-a00a-1e745e8c81dc,1726564019953900000
b7ffdddf-c837-4cfb-847c-62501b01428b,171c4f52-3f2b-49b3-a00a-1e745e8c81dc,1726564019987233333
b7ffdddf-c837-4cfb-847c-62501b01428b,171c4f52-3f2b-49b3-a00a-1e745e8c81dc,1726564020020577777
b7ffdddf-c837-4cfb-847c-62501b01428b,171c4f52-3f2b-49b3-a00a-1e745e8c81dc,1726564020053922222
b7ffdddf-c837-4cfb-847c-62501b01428b,171c4f52-3f2b-49b3-a00a-1e745e8c81dc,1726564020087266666
b7ffdddf-c837-4cfb-847c-62501b01428b,171c4f52-3f2b-49b3-a00a-1e745e8c81dc,1726564020120611111
b7ffdddf-c837-4cfb-847c-62501b01428b,171c4f52-3f2b-49b3-a00a-1e745e8c81dc,1726564020153944444
b7ffdddf-c837-4cfb-847c-62501b01428b,171c4f52-3f2b-49b3-a00a-1e745e8c81dc,1726564020187288888
b7ffdddf-c837-4cfb-847c-62501b01428b,171c4f52-3f2b-49b3-a00a-1e745e8c81dc,1726564020220633333
b7ffdddf-c837-4cfb-847c-62501b01428b,171c4f52-3f2b-49b3-a00a-1e745e8c81dc,1726564020253977777
b7ffdddf-c837-4cfb-847c-62501b01428b,171c4f52-3f2b-49b3-a00a-1e745e8c81dc,1726564020287322222
b7ffdddf-c837-4cfb-847c-62501b01428b,171c4f52-3f2b-49b3-a00a-1e745e8c81dc,1726564020320666666
b7ffdddf-c837-4cfb-847c-62501b01428b,171c4f52-3f2b-49b3-a00a-1e745e8c81dc,1726564020354000000
b7ffdddf-c837-4cfb-847c-62501b01428b,171c4f52-3f2b-49b3-a00a-1e745e8c81dc,1726564020387344444
b7ffdddf-c837-4cfb-847c-62501b01428b,171c4f52-3f2b-49b3-a00a-1e745e8c81dc,1726564020420688888
b7ffdddf-c837-4cfb-847c-62501b01428b,171c4f52-3f2b-49b3-a00a-1e745e8c81dc,1726564020454033333
b7ffdddf-c837-4cfb-847c-62501b01428b,171c4f52-3f2b-49b3-a00a-1e745e8c81dc,1726564020487377777
b7ffdddf-c837-4cfb-847c-62501b01428b,171c4f52-3f2b-49b3-a00a-1e745e8c81dc,1726564020520711111
b7ffdddf-c837-4cfb-847c-62501b01428b,171c4f52-3f2b-49b3-a00a-1e745e8c81dc,1726564020554055555
b7ffdddf-c837-4cfb-847c-62501b01428b,171c4f52-3f2b-49b3-a00a-1e745e8c81dc,1726564020587400000
b7ffdddf-c837-4cfb-847c-62501b01428b,171c4f52-3f2b-49b3-a00a-1e745e8c81dc,1726564020620744444
b7ffdddf-c837-4cfb-847c-62501b01428b,171c4f52-3f2b-49b3-a00a-1e745e8c81dc,1726564020654088888
b7ffdddf-c837-4cfb-847c-62501b01428b,171c4f52-3f2b-49b3-a00a-1e745e8c81dc,1726564020687422222
b7ffdddf-c837-4cfb-847c-62501b01428b,171c4f52-3f2b-49b3-a00a-1e745e8c81dc,1726564020720766666
b7ffdddf-c837-4cfb-847c-62501b01428b,171c4f52-3f2b-49b3-a00a-1e745e8c81dc,1726564020754111111
b7ffdddf-c837-4cfb-847c-62501b01428b,171c4f52-3f2b-49b3-a00a-1e745e8c81dc,1726564020787455555
b7ffdddf-c837-4cfb-847c-62501b01428b,171c4f52-3f2b-49b3-a00a-1e745e8c81dc,1726564020820800000
b7ffdddf-c837-4cfb-847c-62501b01428b,171c4f52-3f2b-49b3-a00a-1e745e8c81dc,1726564020854144444
b7ffdddf-c837-4cfb-847c-62501b01428b,171c4f52-3f2b-49b3-a00a-1e745e8c81dc,1726564020887477777
b7ffdddf-c837-4cfb-847c-62501b01428b,171c4f52-3f2b-49b3-a00a-1e745e8c81dc,1726564020920822222
b7ffdddf-c837-4cfb-847c-62501b01428b,171c4f52-3f2b-49b3-a00a-1e745e8c81dc,1726564020954166666
b7ffdddf-c837-4cfb-847c-62501b01428b,171c4f52-3f2b-49b3-a00a-1e745e8c81dc,1726564020987511111
b7ffdddf-c837-4cfb-847c-62501b01428b,171c4f52-3f2b-49b3-a00a-1e745e8c81dc,1726564021020855555
b7ffdddf-c837-4cfb-847c-62501b01428b,171c4f52-3f2b-49b3-a00a-1e745e8c81dc,1726564021054200000
b7ffdddf-c837-4cfb-847c-62501b01428b,171c4f52-3f2b-49b3-a00a-1e745e8c81dc,1726564021087533333
b7ffdddf-c837-4cfb-847c-62501b01428b,171c4f52-3f2b-49b3-a00a-1e745e8c81dc,1726564021120877777
b7ffdddf-c837-4cfb-847c-62501b01428b,171c4f52-3f2b-49b3-a00a-1e745e8c81dc,1726564021154222222
b7ffdddf-c837-4cfb-847c-62501b01428b,171c4f52-3f2b-49b3-a00a-1e745e8c81dc,1726564021187566666
b7ffdddf-c837-4cfb-847c-62501b01428b,171c4f52-3f2b-49b3-a00a-1e745e8c81dc,1726564021220911111
b7ffdddf-c837-4cfb-847c-62501b01428b,171c4f52-3f2b-49b3-a00a-1e745e8c81dc,1726564021254244444
b7ffdddf-c837-4cfb-847c-62501b01428b,171c4f52-3f2b-49b3-a00a-1e745e8c81dc,1726564021287588888
b7ffdddf-c837-4cfb-847c-62501b01428b,171c4f52-3f2b-49b3-a00a-1e745e8c81dc,1726564021320933333
b7ffdddf-c837-4cfb-847c-62501b01428b,171c4f52-3f2b-49b3-a00a-1e745e8c81dc,1726564021354277777
b7ffdddf-c837-4cfb-847c-62501b01428b,171c4f52-3f2b-49b3-a00a-1e745e8c81dc,1726564021387622222
b7ffdddf-c837-4cfb-847c-62501b01428b,171c4f52-3f2b-49b3-a00a-1e745e8c81dc,1726564021420966666
b7ffdddf-c837-4cfb-847c-62501b01428b,171c4f52-3f2b-49b3-a00a-1e745e8c81dc,1726564021454300000
b7ffdddf-c837-4cfb-847c-62501b01428b,171c4f52-3f2b-49b3-a00a-1e745e8c81dc,1726564021487644444
b7ffdddf-c837-4cfb-847c-62501b01428b,171c4f52-3f2b-49b3-a00a-1e745e8c81dc,1726564021520988888
b7ffdddf-c837-4cfb-847c-62501b01428b,171c4f52-3f2b-49b3-a00a-1e745e8c81dc,1726564021554333333
b7ffdddf-c837-4cfb-847c-62501b01428b,171c4f52-3f2b-49b3-a00a-1e745e8c81dc,1726564021587677777
b7ffdddf-c837-4cfb-847c-62501b01428b,171c4f52-3f2b-49b3-a00a-1e745e8c81dc,1726564021621011111
b7ffdddf-c837-4cfb-847c-62501b01428b,171c4f52-3f2b-49b3-a00a-1e745e8c81dc,1726564021654355555
b7ffdddf-c837-4cfb-847c-62501b01428b,171c4f52-3f2b-49b3-a00a-1e745e8c81dc,1726564021687700000
b7ffdddf-c837-4cfb-847c-62501b01428b,171c4f52-3f2b-49b3-a00a-1e745e8c81dc,1726564021721044444
b7ffdddf-c837-4cfb-847c-62501b01428b,171c4f52-3f2b-49b3-a00a-1e745e8c81dc,1726564021754388888
b7ffdddf-c837-4cfb-847c-62501b01428b,171c4f52-3f2b-49b3-a00a-1e745e8c81dc,1726564021787733333
b7ffdddf-c837-4cfb-847c-62501b01428b,171c4f52-3f2b-49b3-a00a-1e745e8c81dc,1726564021821066666
b7ffdddf-c837-4cfb-847c-62501b01428b,171c4f52-3f2b-49b3-a00a-1e745e8c81dc,1726564021854411111
b7ffdddf-c837-4cfb-847c-62501b01428b,171c4f52-3f2b-49b3-a00a-1e745e8c81dc,1726564021887755555
b7ffdddf-c837-4cfb-847c-62501b01428b,171c4f52-3f2b-49b3-a00a-1e745e8c81dc,1726564021921100000
b7ffdddf-c837-4cfb-847c-62501b01428b,171c4f52-3f2b-49b3-a00a-1e745e8c81dc,1726564021954444444
b7ffdddf-c837-4cfb-847c-62501b01428b,171c4f52-3f2b-49b3-a00a-1e745e8c81dc,1726564021987788888
b7ffdddf-c837-4cfb-847c-62501b01428b,171c4f52-3f2b-49b3-a00a-1e745e8c81dc,1726564022021122222
b7ffdddf-c837-4cfb-847c-62501b01428b,171c4f52-3f2b-49b3-a00a-1e745e8c81dc,1726564022054466666
b7ffdddf-c837-4cfb-847c-62501b01428b,171c4f52-3f2b-49b3-a00a-1e745e8c81dc,1726564022087811111
b7ffdddf-c837-4cfb-847c-62501b01428b,171c4f52-3f2b-49b3-a00a-1e745e8c81dc,1726564022121155555
b7ffdddf-c837-4cfb-847c-62501b01428b,171c4f52-3f2b-49b3-a00a-1e745e8c81dc,1726564022154500000
b7ffdddf-c837-4cfb-847c-62501b01428b,171c4f52-3f2b-49b3-a00a-1e745e8c81dc,1726564022187833333
b7ffdddf-c837-4cfb-847c-62501b01428b,171c4f52-3f2b-49b3-a00a-1e745e8c81dc,1726564022221177777
b7ffdddf-c837-4cfb-847c-62501b01428b,171c4f52-3f2b-49b3-a00a-1e745e8c81dc,1726564022254522222
b7ffdddf-c837-4cfb-847c-62501b01428b,171c4f52-3f2b-49b3-a00a-1e745e8c81dc,1726564022287866666
b7ffdddf-c837-4cfb-847c-62501b01428b,171c4f52-3f2b-49b3-a00a-1e745e8c81dc,1726564022321211111
b7ffdddf-c837-4cfb-847c-62501b01428b,171c4f52-3f2b-49b3-a00a-1e745e8c81dc,1726564022354555555
b7ffdddf-c837-4cfb-847c-62501b01428b,171c4f52-3f2b-49b3-a00a-1e745e8c81dc,1726564022387888888
b7ffdddf-c837-4cfb-847c-62501b01428b,171c4f52-3f2b-49b3-a00a-1e745e8c81dc,1726564022421233333
b7ffdddf-c837-4cfb-847c-62501b01428b,171c4f52-3f2b-49b3-a00a-1e745e8c81dc,1726564022454577777
b7ffdddf-c837-4cfb-847c-62501b01428b,171c4f52-3f2b-49b3-a00a-1e745e8c81dc,1726564022487922222
b7ffdddf-c837-4cfb-847c-62501b01428b,171c4f52-3f2b-49b3-a00a-1e745e8c81dc,1726564022521266666
b7ffdddf-c837-4cfb-847c-62501b01428b,171c4f52-3f2b-49b3-a00a-1e745e8c81dc,1726564022554600000
b7ffdddf-c837-4cfb-847c-62501b01428b,171c4f52-3f2b-49b3-a00a-1e745e8c81dc,1726564022587944444
b7ffdddf-c837-4cfb-847c-62501b01428b,171c4f52-3f2b-49b3-a00a-1e745e8c81dc,1726564022621288888
b7ffdddf-c837-4cfb-847c-62501b01428b,171c4f52-3f2b-49b3-a00a-1e745e8c81dc,1726564022654633333
b7ffdddf-c837-4cfb-847c-62501b01428b,171c4f52-3f2b-49b3-a00a-1e745e8c81dc,1726564022687977777
b7ffdddf-c837-4cfb-847c-62501b01428b,171c4f52-3f2b-49b3-a00a-1e745e8c81dc,1726564022721322222
b7ffdddf-c837-4cfb-847c-62501b01428b,171c4f52-3f2b-49b3-a00a-1e745e8c81dc,1726564022754655555
b7ffdddf-c837-4cfb-847c-62501b01428b,171c4f52-3f2b-49b3-a00a-1e745e8c81dc,1726564022788000000
b7ffdddf-c837-4cfb-847c-62501b01428b,171c4f52-3f2b-49b3-a00a-1e745e8c81dc,1726564022821344444
b7ffdddf-c837-4cfb-847c-62501b01428b,171c4f52-3f2b-49b3-a00a-1e745e8c81dc,1726564022854688888
b7ffdddf-c837-4cfb-847c-62501b01428b,171c4f52-3f2b-49b3-a00a-1e745e8c81dc,1726564022888033333
b7ffdddf-c837-4cfb-847c-62501b01428b,171c4f52-3f2b-49b3-a00a-1e745e8c81dc,1726564022921366666
b7ffdddf-c837-4cfb-847c-62501b01428b,171c4f52-3f2b-49b3-a00a-1e745e8c81dc,1726564022954711111
b7ffdddf-c837-4cfb-847c-62501b01428b,171c4f52-3f2b-49b3-a00a-1e745e8c81dc,1726564022988055555
b7ffdddf-c837-4cfb-847c-62501b01428b,171c4f52-3f2b-49b3-a00a-1e745e8c81dc,1726564023021400000
b7ffdddf-c837-4cfb-847c-62501b01428b,171c4f52-3f2b-49b3-a00a-1e745e8c81dc,1726564023054744444
b7ffdddf-c837-4cfb-847c-62501b01428b,171c4f52-3f2b-49b3-a00a-1e745e8c81dc,1726564023088088888
b7ffdddf-c837-4cfb-847c-62501b01428b,171c4f52-3f2b-49b3-a00a-1e745e8c81dc,1726564023121422222
b7ffdddf-c837-4cfb-847c-62501b01428b,171c4f52-3f2b-49b3-a00a-1e745e8c81dc,1726564023154766666
b7ffdddf-c837-4cfb-847c-62501b01428b,171c4f52-3f2b-49b3-a00a-1e745e8c81dc,1726564023188111111
b7ffdddf-c837-4cfb-847c-62501b01428b,171c4f52-3f2b-49b3-a00a-1e745e8c81dc,1726564023221455555
b7ffdddf-c837-4cfb-847c-62501b01428b,171c4f52-3f2b-49b3-a00a-1e745e8c81dc,1726564023254800000
b7ffdddf-c837-4cfb-847c-62501b01428b,171c4f52-3f2b-49b3-a00a-1e745e8c81dc,1726564023288133333
b7ffdddf-c837-4cfb-847c-62501b01428b,171c4f52-3f2b-49b3-a00a-1e745e8c81dc,1726564023321477777
b7ffdddf-c837-4cfb-847c-62501b01428b,171c4f52-3f2b-49b3-a00a-1e745e8c81dc,1726564023354822222
b7ffdddf-c837-4cfb-847c-62501b01428b,171c4f52-3f2b-49b3-a00a-1e745e8c81dc,1726564023388166666
b7ffdddf-c837-4cfb-847c-62501b01428b,171c4f52-3f2b-49b3-a00a-1e745e8c81dc,1726564023421511111
b7ffdddf-c837-4cfb-847c-62501b01428b,171c4f52-3f2b-49b3-a00a-1e745e8c81dc,1726564023454855555
b7ffdddf-c837-4cfb-847c-62501b01428b,171c4f52-3f2b-49b3-a00a-1e745e8c81dc,1726564023488188888
b7ffdddf-c837-4cfb-847c-62501b01428b,171c4f52-3f2b-49b3-a00a-1e745e8c81dc,1726564023521533333
b7ffdddf-c837-4cfb-847c-62501b01428b,171c4f52-3f2b-49b3-a00a-1e745e8c81dc,1726564023554877777
b7ffdddf-c837-4cfb-847c-62501b01428b,171c4f52-3f2b-49b3-a00a-1e745e8c81dc,1726564023588222222
b7ffdddf-c837-4cfb-847c-62501b01428b,171c4f52-3f2b-49b3-a00a-1e745e8c81dc,1726564023621566666
b7ffdddf-c837-4cfb-847c-62501b01428b,171c4f52-3f2b-49b3-a00a-1e745e8c81dc,1726564023654911111
b7ffdddf-c837-4cfb-847c-62501b01428b,171c4f52-3f2b-49b3-a00a-1e745e8c81dc,1726564023688244444
b7ffdddf-c837-4cfb-847c-62501b01428b,171c4f52-3f2b-49b3-a00a-1e745e8c81dc,1726564023721588888
b7ffdddf-c837-4cfb-847c-62501b01428b,171c4f52-3f2b-49b3-a00a-1e745e8c81dc,1726564023754933333
b7ffdddf-c837-4cfb-847c-62501b01428b,171c4f52-3f2b-49b3-a00a-1e745e8c81dc,1726564023788277777
b7ffdddf-c837-4cfb-847c-62501b01428b,171c4f52-3f2b-49b3-a00a-1e745e8c81dc,1726564023821622222
b7ffdddf-c837-4cfb-847c-62501b01428b,171c4f52-3f2b-49b3-a00a-1e745e8c81dc,1726564023854955555
b7ffdddf-c837-4cfb-847c-62501b01428b,171c4f52-3f2b-49b3-a00a-1e745e8c81dc,1726564023888300000
b7ffdddf-c837-4cfb-847c-62501b01428b,171c4f52-3f2b-49b3-a00a-1e745e8c81dc,1726564023921644444
b7ffdddf-c837-4cfb-847c-62501b01428b,171c4f52-3f2b-49b3-a00a-1e745e8c81dc,1726564023954988888
b7ffdddf-c837-4cfb-847c-62501b01428b,171c4f52-3f2b-49b3-a00a-1e745e8c81dc,1726564023988333333
b7ffdddf-c837-4cfb-847c-62501b01428b,171c4f52-3f2b-49b3-a00a-1e745e8c81dc,1726564024021677777
b7ffdddf-c837-4cfb-847c-62501b01428b,171c4f52-3f2b-49b3-a00a-1e745e8c81dc,1726564024055011111
b7ffdddf-c837-4cfb-847c-62501b01428b,171c4f52-3f2b-49b3-a00a-1e745e8c81dc,1726564024088355555
b7ffdddf-c837-4cfb-847c-62501b01428b,171c4f52-3f2b-49b3-a00a-1e745e8c81dc,1726564024121700000
b7ffdddf-c837-4cfb-847c-62501b01428b,171c4f52-3f2b-49b3-a00a-1e745e8c81dc,1726564024155044444
b7ffdddf-c837-4cfb-847c-62501b01428b,171c4f52-3f2b-49b3-a00a-1e745e8c81dc,1726564024188388888
b7ffdddf-c837-4cfb-847c-62501b01428b,171c4f52-3f2b-49b3-a00a-1e745e8c81dc,1726564024221722222
b7ffdddf-c837-4cfb-847c-62501b01428b,171c4f52-3f2b-49b3-a00a-1e745e8c81dc,1726564024255066666
b7ffdddf-c837-4cfb-847c-62501b01428b,171c4f52-3f2b-49b3-a00a-1e745e8c81dc,1726564024288411111
b7ffdddf-c837-4cfb-847c-62501b01428b,171c4f52-3f2b-49b3-a00a-1e745e8c81dc,1726564024321755555
b7ffdddf-c837-4cfb-847c-62501b01428b,171c4f52-3f2b-49b3-a00a-1e745e8c81dc,1726564024355100000
b7ffdddf-c837-4cfb-847c-62501b01428b,171c4f52-3f2b-49b3-a00a-1e745e8c81dc,1726564024388444444
b7ffdddf-c837-4cfb-847c-62501b01428b,171c4f52-3f2b-49b3-a00a-1e745e8c81dc,1726564024421777777
b7ffdddf-c837-4cfb-847c-62501b01428b,171c4f52-3f2b-49b3-a00a-1e745e8c81dc,1726564024455122222
b7ffdddf-c837-4cfb-847c-62501b01428b,171c4f52-3f2b-49b3-a00a-1e745e8c81dc,1726564024488466666
b7ffdddf-c837-4cfb-847c-62501b01428b,171c4f52-3f2b-49b3-a00a-1e745e8c81dc,1726564024521811111
b7ffdddf-c837-4cfb-847c-62501b01428b,171c4f52-3f2b-49b3-a00a-1e745e8c81dc,1726564024555155555
b7ffdddf-c837-4cfb-847c-62501b01428b,171c4f52-3f2b-49b3-a00a-1e745e8c81dc,1726564024588500000
b7ffdddf-c837-4cfb-847c-62501b01428b,171c4f52-3f2b-49b3-a00a-1e745e8c81dc,1726564024621833333
b7ffdddf-c837-4cfb-847c-62501b01428b,171c4f52-3f2b-49b3-a00a-1e745e8c81dc,1726564024655177777
b7ffdddf-c837-4cfb-847c-62501b01428b,171c4f52-3f2b-49b3-a00a-1e745e8c81dc,1726564024688522222
b7ffdddf-c837-4cfb-847c-62501b01428b,171c4f52-3f2b-49b3-a00a-1e745e8c81dc,1726564024721866666
b7ffdddf-c837-4cfb-847c-62501b01428b,171c4f52-3f2b-49b3-a00a-1e745e8c81dc,1726564024755211111
b7ffdddf-c837-4cfb-847c-62501b01428b,171c4f52-3f2b-49b3-a00a-1e745e8c81dc,1726564024788544444
b7ffdddf-c837-4cfb-847c-62501b01428b,171c4f52-3f2b-49b3-a00a-1e745e8c81dc,1726564024821888888
b7ffdddf-c837-4cfb-847c-62501b01428b,171c4f52-3f2b-49b3-a00a-1e745e8c81dc,1726564024855233333
b7ffdddf-c837-4cfb-847c-62501b01428b,171c4f52-3f2b-49b3-a00a-1e745e8c81dc,1726564024888577777
b7ffdddf-c837-4cfb-847c-62501b01428b,171c4f52-3f2b-49b3-a00a-1e745e8c81dc,1726564024921922222
b7ffdddf-c837-4cfb-847c-62501b01428b,171c4f52-3f2b-49b3-a00a-1e745e8c81dc,1726564024955266666
b7ffdddf-c837-4cfb-847c-62501b01428b,171c4f52-3f2b-49b3-a00a-1e745e8c81dc,1726564024988600000
b7ffdddf-c837-4cfb-847c-62501b01428b,171c4f52-3f2b-49b3-a00a-1e745e8c81dc,1726564025021944444
b7ffdddf-c837-4cfb-847c-62501b01428b,171c4f52-3f2b-49b3-a00a-1e745e8c81dc,1726564025055288888
b7ffdddf-c837-4cfb-847c-62501b01428b,171c4f52-3f2b-49b3-a00a-1e745e8c81dc,1726564025088633333
b7ffdddf-c837-4cfb-847c-62501b01428b,171c4f52-3f2b-49b3-a00a-1e745e8c81dc,1726564025121977777
b7ffdddf-c837-4cfb-847c-62501b01428b,171c4f52-3f2b-49b3-a00a-1e745e8c81dc,1726564025155311111
b7ffdddf-c837-4cfb-847c-62501b01428b,171c4f52-3f2b-49b3-a00a-1e745e8c81dc,1726564025188655555
b7ffdddf-c837-4cfb-847c-62501b01428b,171c4f52-3f2b-49b3-a00a-1e745e8c81dc,1726564025222000000
b7ffdddf-c837-4cfb-847c-62501b01428b,171c4f52-3f2b-49b3-a00a-1e745e8c81dc,1726564025255344444
b7ffdddf-c837-4cfb-847c-62501b01428b,171c4f52-3f2b-49b3-a00a-1e745e8c81dc,1726564025288688888
b7ffdddf-c837-4cfb-847c-62501b01428b,171c4f52-3f2b-49b3-a00a-1e745e8c81dc,1726564025322033333
b7ffdddf-c837-4cfb-847c-62501b01428b,171c4f52-3f2b-49b3-a00a-1e745e8c81dc,1726564025355366666
b7ffdddf-c837-4cfb-847c-62501b01428b,171c4f52-3f2b-49b3-a00a-1e745e8c81dc,1726564025388711111
b7ffdddf-c837-4cfb-847c-62501b01428b,171c4f52-3f2b-49b3-a00a-1e745e8c81dc,1726564025422055555
b7ffdddf-c837-4cfb-847c-62501b01428b,171c4f52-3f2b-49b3-a00a-1e745e8c81dc,1726564025455400000
b7ffdddf-c837-4cfb-847c-62501b01428b,171c4f52-3f2b-49b3-a00a-1e745e8c81dc,1726564025488744444
b7ffdddf-c837-4cfb-847c-62501b01428b,171c4f52-3f2b-49b3-a00a-1e745e8c81dc,1726564025522077777
b7ffdddf-c837-4cfb-847c-62501b01428b,171c4f52-3f2b-49b3-a00a-1e745e8c81dc,1726564025555422222
b7ffdddf-c837-4cfb-847c-62501b01428b,171c4f52-3f2b-49b3-a00a-1e745e8c81dc,1726564025588766666
b7ffdddf-c837-4cfb-847c-62501b01428b,171c4f52-3f2b-49b3-a00a-1e745e8c81dc,1726564025622111111
b7ffdddf-c837-4cfb-847c-62501b01428b,171c4f52-3f2b-49b3-a00a-1e745e8c81dc,1726564025655455555
b7ffdddf-c837-4cfb-847c-62501b01428b,171c4f52-3f2b-49b3-a00a-1e745e8c81dc,1726564025688800000
b7ffdddf-c837-4cfb-847c-62501b01428b,171c4f52-3f2b-49b3-a00a-1e745e8c81dc,1726564025722133333
b7ffdddf-c837-4cfb-847c-62501b01428b,171c4f52-3f2b-49b3-a00a-1e745e8c81dc,1726564025755477777
b7ffdddf-c837-4cfb-847c-62501b01428b,171c4f52-3f2b-49b3-a00a-1e745e8c81dc,1726564025788822222
b7ffdddf-c837-4cfb-847c-62501b01428b,171c4f52-3f2b-49b3-a00a-1e745e8c81dc,1726564025822166666
b7ffdddf-c837-4cfb-847c-62501b01428b,171c4f52-3f2b-49b3-a00a-1e745e8c81dc,1726564025855511111
b7ffdddf-c837-4cfb-847c-62501b01428b,171c4f52-3f2b-49b3-a00a-1e745e8c81dc,1726564025888844444
b7ffdddf-c837-4cfb-847c-62501b01428b,171c4f52-3f2b-49b3-a00a-1e745e8c81dc,1726564025922188888
b7ffdddf-c837-4cfb-847c-62501b01428b,171c4f52-3f2b-49b3-a00a-1e745e8c81dc,1726564025955533333
b7ffdddf-c837-4cfb-847c-62501b01428b,171c4f52-3f2b-49b3-a00a-1e745e8c81dc,1726564025988877777
b7ffdddf-c837-4cfb-847c-62501b01428b,171c4f52-3f2b-49b3-a00a-1e745e8c81dc,1726564026022222222
b7ffdddf-c837-4cfb-847c-62501b01428b,171c4f52-3f2b-49b3-a00a-1e745e8c81dc,1726564026055566666
b7ffdddf-c837-4cfb-847c-62501b01428b,171c4f52-3f2b-49b3-a00a-1e745e8c81dc,1726564026088900000
b7ffdddf-c837-4cfb-847c-62501b01428b,171c4f52-3f2b-49b3-a00a-1e745e8c81dc,1726564026122244444
b7ffdddf-c837-4cfb-847c-62501b01428b,171c4f52-3f2b-49b3-a00a-1e745e8c81dc,1726564026155588888
b7ffdddf-c837-4cfb-847c-62501b01428b,171c4f52-3f2b-49b3-a00a-1e745e8c81dc,1726564026188933333
b7ffdddf-c837-4cfb-847c-62501b01428b,171c4f52-3f2b-49b3-a00a-1e745e8c81dc,1726564026222277777
b7ffdddf-c837-4cfb-847c-62501b01428b,171c4f52-3f2b-49b3-a00a-1e745e8c81dc,1726564026255611111
b7ffdddf-c837-4cfb-847c-62501b01428b,171c4f52-3f2b-49b3-a00a-1e745e8c81dc,1726564026288955555
b7ffdddf-c837-4cfb-847c-62501b01428b,171c4f52-3f2b-49b3-a00a-1e745e8c81dc,1726564026322299999
b7ffdddf-c837-4cfb-847c-62501b01428b,171c4f52-3f2b-49b3-a00a-1e745e8c81dc,1726564026355644444
b7ffdddf-c837-4cfb-847c-62501b01428b,171c4f52-3f2b-49b3-a00a-1e745e8c81dc,1726564026388988888
b7ffdddf-c837-4cfb-847c-62501b01428b,171c4f52-3f2b-49b3-a00a-1e745e8c81dc,1726564026422333333
b7ffdddf-c837-4cfb-847c-62501b01428b,171c4f52-3f2b-49b3-a00a-1e745e8c81dc,1726564026455666666
b7ffdddf-c837-4cfb-847c-62501b01428b,171c4f52-3f2b-49b3-a00a-1e745e8c81dc,1726564026489011111
b7ffdddf-c837-4cfb-847c-62501b01428b,171c4f52-3f2b-49b3-a00a-1e745e8c81dc,1726564026522355555
b7ffdddf-c837-4cfb-847c-62501b01428b,171c4f52-3f2b-49b3-a00a-1e745e8c81dc,1726564026555700000
b7ffdddf-c837-4cfb-847c-62501b01428b,171c4f52-3f2b-49b3-a00a-1e745e8c81dc,1726564026589044444
b7ffdddf-c837-4cfb-847c-62501b01428b,171c4f52-3f2b-49b3-a00a-1e745e8c81dc,1726564026622388888
b7ffdddf-c837-4cfb-847c-62501b01428b,171c4f52-3f2b-49b3-a00a-1e745e8c81dc,1726564026655722222
b7ffdddf-c837-4cfb-847c-62501b01428b,171c4f52-3f2b-49b3-a00a-1e745e8c81dc,1726564026689066666
b7ffdddf-c837-4cfb-847c-62501b01428b,171c4f52-3f2b-49b3-a00a-1e745e8c81dc,1726564026722411111
b7ffdddf-c837-4cfb-847c-62501b01428b,171c4f52-3f2b-49b3-a00a-1e745e8c81dc,1726564026755755555
b7ffdddf-c837-4cfb-847c-62501b01428b,171c4f52-3f2b-49b3-a00a-1e745e8c81dc,1726564026789100000
b7ffdddf-c837-4cfb-847c-62501b01428b,171c4f52-3f2b-49b3-a00a-1e745e8c81dc,1726564026822433333
b7ffdddf-c837-4cfb-847c-62501b01428b,171c4f52-3f2b-49b3-a00a-1e745e8c81dc,1726564026855777777
b7ffdddf-c837-4cfb-847c-62501b01428b,171c4f52-3f2b-49b3-a00a-1e745e8c81dc,1726564026889122222
b7ffdddf-c837-4cfb-847c-62501b01428b,171c4f52-3f2b-49b3-a00a-1e745e8c81dc,1726564026922466666
b7ffdddf-c837-4cfb-847c-62501b01428b,171c4f52-3f2b-49b3-a00a-1e745e8c81dc,1726564026955811111
b7ffdddf-c837-4cfb-847c-62501b01428b,171c4f52-3f2b-49b3-a00a-1e745e8c81dc,1726564026989155555
b7ffdddf-c837-4cfb-847c-62501b01428b,171c4f52-3f2b-49b3-a00a-1e745e8c81dc,1726564027022488888
b7ffdddf-c837-4cfb-847c-62501b01428b,171c4f52-3f2b-49b3-a00a-1e745e8c81dc,1726564027055833333
b7ffdddf-c837-4cfb-847c-62501b01428b,171c4f52-3f2b-49b3-a00a-1e745e8c81dc,1726564027089177777
b7ffdddf-c837-4cfb-847c-62501b01428b,171c4f52-3f2b-49b3-a00a-1e745e8c81dc,1726564027122522222
b7ffdddf-c837-4cfb-847c-62501b01428b,171c4f52-3f2b-49b3-a00a-1e745e8c81dc,1726564027155866666
b7ffdddf-c837-4cfb-847c-62501b01428b,171c4f52-3f2b-49b3-a00a-1e745e8c81dc,1726564027189211111
b7ffdddf-c837-4cfb-847c-62501b01428b,171c4f52-3f2b-49b3-a00a-1e745e8c81dc,1726564027222544444
b7ffdddf-c837-4cfb-847c-62501b01428b,171c4f52-3f2b-49b3-a00a-1e745e8c81dc,1726564027255888888
b7ffdddf-c837-4cfb-847c-62501b01428b,171c4f52-3f2b-49b3-a00a-1e745e8c81dc,1726564027289233333
b7ffdddf-c837-4cfb-847c-62501b01428b,171c4f52-3f2b-49b3-a00a-1e745e8c81dc,1726564027322577777
b7ffdddf-c837-4cfb-847c-62501b01428b,171c4f52-3f2b-49b3-a00a-1e745e8c81dc,1726564027355922222
b7ffdddf-c837-4cfb-847c-62501b01428b,171c4f52-3f2b-49b3-a00a-1e745e8c81dc,1726564027389255555
b7ffdddf-c837-4cfb-847c-62501b01428b,171c4f52-3f2b-49b3-a00a-1e745e8c81dc,1726564027422600000
b7ffdddf-c837-4cfb-847c-62501b01428b,171c4f52-3f2b-49b3-a00a-1e745e8c81dc,1726564027455944444
b7ffdddf-c837-4cfb-847c-62501b01428b,171c4f52-3f2b-49b3-a00a-1e745e8c81dc,1726564027489288888
b7ffdddf-c837-4cfb-847c-62501b01428b,171c4f52-3f2b-49b3-a00a-1e745e8c81dc,1726564027522633333
b7ffdddf-c837-4cfb-847c-62501b01428b,171c4f52-3f2b-49b3-a00a-1e745e8c81dc,1726564027555966666
b7ffdddf-c837-4cfb-847c-62501b01428b,171c4f52-3f2b-49b3-a00a-1e745e8c81dc,1726564027589311111
b7ffdddf-c837-4cfb-847c-62501b01428b,171c4f52-3f2b-49b3-a00a-1e745e8c81dc,1726564027622655555
b7ffdddf-c837-4cfb-847c-62501b01428b,171c4f52-3f2b-49b3-a00a-1e745e8c81dc,1726564027656000000
b7ffdddf-c837-4cfb-847c-62501b01428b,171c4f52-3f2b-49b3-a00a-1e745e8c81dc,1726564027689344444
b7ffdddf-c837-4cfb-847c-62501b01428b,171c4f52-3f2b-49b3-a00a-1e745e8c81dc,1726564027722688888
b7ffdddf-c837-4cfb-847c-62501b01428b,171c4f52-3f2b-49b3-a00a-1e745e8c81dc,1726564027756022222
b7ffdddf-c837-4cfb-847c-62501b01428b,171c4f52-3f2b-49b3-a00a-1e745e8c81dc,1726564027789366666
b7ffdddf-c837-4cfb-847c-62501b01428b,171c4f52-3f2b-49b3-a00a-1e745e8c81dc,1726564027822711111
b7ffdddf-c837-4cfb-847c-62501b01428b,171c4f52-3f2b-49b3-a00a-1e745e8c81dc,1726564027856055555
b7ffdddf-c837-4cfb-847c-62501b01428b,171c4f52-3f2b-49b3-a00a-1e745e8c81dc,1726564027889400000
b7ffdddf-c837-4cfb-847c-62501b01428b,171c4f52-3f2b-49b3-a00a-1e745e8c81dc,1726564027922733333
b7ffdddf-c837-4cfb-847c-62501b01428b,171c4f52-3f2b-49b3-a00a-1e745e8c81dc,1726564027956077777
b7ffdddf-c837-4cfb-847c-62501b01428b,171c4f52-3f2b-49b3-a00a-1e745e8c81dc,1726564027989422222
b7ffdddf-c837-4cfb-847c-62501b01428b,171c4f52-3f2b-49b3-a00a-1e745e8c81dc,1726564028022766666
b7ffdddf-c837-4cfb-847c-62501b01428b,171c4f52-3f2b-49b3-a00a-1e745e8c81dc,1726564028056111111
b7ffdddf-c837-4cfb-847c-62501b01428b,171c4f52-3f2b-49b3-a00a-1e745e8c81dc,1726564028089455555
b7ffdddf-c837-4cfb-847c-62501b01428b,171c4f52-3f2b-49b3-a00a-1e745e8c81dc,1726564028122788888
b7ffdddf-c837-4cfb-847c-62501b01428b,171c4f52-3f2b-49b3-a00a-1e745e8c81dc,1726564028156133333
b7ffdddf-c837-4cfb-847c-62501b01428b,171c4f52-3f2b-49b3-a00a-1e745e8c81dc,1726564028189477777
b7ffdddf-c837-4cfb-847c-62501b01428b,171c4f52-3f2b-49b3-a00a-1e745e8c81dc,1726564028222822222
b7ffdddf-c837-4cfb-847c-62501b01428b,171c4f52-3f2b-49b3-a00a-1e745e8c81dc,1726564028256166666
b7ffdddf-c837-4cfb-847c-62501b01428b,171c4f52-3f2b-49b3-a00a-1e745e8c81dc,1726564028289511111
b7ffdddf-c837-4cfb-847c-62501b01428b,171c4f52-3f2b-49b3-a00a-1e745e8c81dc,1726564028322844444
b7ffdddf-c837-4cfb-847c-62501b01428b,171c4f52-3f2b-49b3-a00a-1e745e8c81dc,1726564028356188888
b7ffdddf-c837-4cfb-847c-62501b01428b,171c4f52-3f2b-49b3-a00a-1e745e8c81dc,1726564028389533333
b7ffdddf-c837-4cfb-847c-62501b01428b,171c4f52-3f2b-49b3-a00a-1e745e8c81dc,1726564028422877777
b7ffdddf-c837-4cfb-847c-62501b01428b,171c4f52-3f2b-49b3-a00a-1e745e8c81dc,1726564028456222222
b7ffdddf-c837-4cfb-847c-62501b01428b,171c4f52-3f2b-49b3-a00a-1e745e8c81dc,1726564028489555555
b7ffdddf-c837-4cfb-847c-62501b01428b,171c4f52-3f2b-49b3-a00a-1e745e8c81dc,1726564028522900000
b7ffdddf-c837-4cfb-847c-62501b01428b,171c4f52-3f2b-49b3-a00a-1e745e8c81dc,1726564028556244444
b7ffdddf-c837-4cfb-847c-62501b01428b,171c4f52-3f2b-49b3-a00a-1e745e8c81dc,1726564028589588888
b7ffdddf-c837-4cfb-847c-62501b01428b,171c4f52-3f2b-49b3-a00a-1e745e8c81dc,1726564028622933333
b7ffdddf-c837-4cfb-847c-62501b01428b,171c4f52-3f2b-49b3-a00a-1e745e8c81dc,1726564028656277777
b7ffdddf-c837-4cfb-847c-62501b01428b,171c4f52-3f2b-49b3-a00a-1e745e8c81dc,1726564028689611111
b7ffdddf-c837-4cfb-847c-62501b01428b,171c4f52-3f2b-49b3-a00a-1e745e8c81dc,1726564028722955555
b7ffdddf-c837-4cfb-847c-62501b01428b,171c4f52-3f2b-49b3-a00a-1e745e8c81dc,1726564028756300000
b7ffdddf-c837-4cfb-847c-62501b01428b,171c4f52-3f2b-49b3-a00a-1e745e8c81dc,1726564028789644444
b7ffdddf-c837-4cfb-847c-62501b01428b,171c4f52-3f2b-49b3-a00a-1e745e8c81dc,1726564028822988888
b7ffdddf-c837-4cfb-847c-62501b01428b,171c4f52-3f2b-49b3-a00a-1e745e8c81dc,1726564028856322222
b7ffdddf-c837-4cfb-847c-62501b01428b,171c4f52-3f2b-49b3-a00a-1e745e8c81dc,1726564028889666666
b7ffdddf-c837-4cfb-847c-62501b01428b,171c4f52-3f2b-49b3-a00a-1e745e8c81dc,1726564028923011111
b7ffdddf-c837-4cfb-847c-62501b01428b,171c4f52-3f2b-49b3-a00a-1e745e8c81dc,1726564028956355555
b7ffdddf-c837-4cfb-847c-62501b01428b,171c4f52-3f2b-49b3-a00a-1e745e8c81dc,1726564028989700000
b7ffdddf-c837-4cfb-847c-62501b01428b,171c4f52-3f2b-49b3-a00a-1e745e8c81dc,1726564029023044444
b7ffdddf-c837-4cfb-847c-62501b01428b,171c4f52-3f2b-49b3-a00a-1e745e8c81dc,1726564029056377777
b7ffdddf-c837-4cfb-847c-62501b01428b,171c4f52-3f2b-49b3-a00a-1e745e8c81dc,1726564029089722222
b7ffdddf-c837-4cfb-847c-62501b01428b,171c4f52-3f2b-49b3-a00a-1e745e8c81dc,1726564029123066666
b7ffdddf-c837-4cfb-847c-62501b01428b,171c4f52-3f2b-49b3-a00a-1e745e8c81dc,1726564029156411111
b7ffdddf-c837-4cfb-847c-62501b01428b,171c4f52-3f2b-49b3-a00a-1e745e8c81dc,1726564029189755555
b7ffdddf-c837-4cfb-847c-62501b01428b,171c4f52-3f2b-49b3-a00a-1e745e8c81dc,1726564029223100000
b7ffdddf-c837-4cfb-847c-62501b01428b,171c4f52-3f2b-49b3-a00a-1e745e8c81dc,1726564029256433333
b7ffdddf-c837-4cfb-847c-62501b01428b,171c4f52-3f2b-49b3-a00a-1e745e8c81dc,1726564029289777777
b7ffdddf-c837-4cfb-847c-62501b01428b,171c4f52-3f2b-49b3-a00a-1e745e8c81dc,1726564029323122222
b7ffdddf-c837-4cfb-847c-62501b01428b,171c4f52-3f2b-49b3-a00a-1e745e8c81dc,1726564029356466666
b7ffdddf-c837-4cfb-847c-62501b01428b,171c4f52-3f2b-49b3-a00a-1e745e8c81dc,1726564029389811111
b7ffdddf-c837-4cfb-847c-62501b01428b,171c4f52-3f2b-49b3-a00a-1e745e8c81dc,1726564029423144444
b7ffdddf-c837-4cfb-847c-62501b01428b,171c4f52-3f2b-49b3-a00a-1e745e8c81dc,1726564029456488888
b7ffdddf-c837-4cfb-847c-62501b01428b,171c4f52-3f2b-49b3-a00a-1e745e8c81dc,1726564029489833333
b7ffdddf-c837-4cfb-847c-62501b01428b,171c4f52-3f2b-49b3-a00a-1e745e8c81dc,1726564029523177777
b7ffdddf-c837-4cfb-847c-62501b01428b,171c4f52-3f2b-49b3-a00a-1e745e8c81dc,1726564029556522222
b7ffdddf-c837-4cfb-847c-62501b01428b,171c4f52-3f2b-49b3-a00a-1e745e8c81dc,1726564029589866666
b7ffdddf-c837-4cfb-847c-62501b01428b,171c4f52-3f2b-49b3-a00a-1e745e8c81dc,1726564029623200000
b7ffdddf-c837-4cfb-847c-62501b01428b,171c4f52-3f2b-49b3-a00a-1e745e8c81dc,1726564029656544444
b7ffdddf-c837-4cfb-847c-62501b01428b,171c4f52-3f2b-49b3-a00a-1e745e8c81dc,1726564029689888888
b7ffdddf-c837-4cfb-847c-62501b01428b,171c4f52-3f2b-49b3-a00a-1e745e8c81dc,1726564029723233333
b7ffdddf-c837-4cfb-847c-62501b01428b,171c4f52-3f2b-49b3-a00a-1e745e8c81dc,1726564029756577777
b7ffdddf-c837-4cfb-847c-62501b01428b,171c4f52-3f2b-49b3-a00a-1e745e8c81dc,1726564029789911111
b7ffdddf-c837-4cfb-847c-62501b01428b,171c4f52-3f2b-49b3-a00a-1e745e8c81dc,1726564029823255555
b7ffdddf-c837-4cfb-847c-62501b01428b,171c4f52-3f2b-49b3-a00a-1e745e8c81dc,1726564029856600000
b7ffdddf-c837-4cfb-847c-62501b01428b,171c4f52-3f2b-49b3-a00a-1e745e8c81dc,1726564029889944444
b7ffdddf-c837-4cfb-847c-62501b01428b,171c4f52-3f2b-49b3-a00a-1e745e8c81dc,1726564029923288888
b7ffdddf-c837-4cfb-847c-62501b01428b,171c4f52-3f2b-49b3-a00a-1e745e8c81dc,1726564029956633333
b7ffdddf-c837-4cfb-847c-62501b01428b,171c4f52-3f2b-49b3-a00a-1e745e8c81dc,1726564029989966666
b7ffdddf-c837-4cfb-847c-62501b01428b,171c4f52-3f2b-49b3-a00a-1e745e8c81dc,1726564030023311111
b7ffdddf-c837-4cfb-847c-62501b01428b,171c4f52-3f2b-49b3-a00a-1e745e8c81dc,1726564030056655555
b7ffdddf-c837-4cfb-847c-62501b01428b,171c4f52-3f2b-49b3-a00a-1e745e8c81dc,1726564030090000000
b7ffdddf-c837-4cfb-847c-62501b01428b,171c4f52-3f2b-49b3-a00a-1e745e8c81dc,1726564030123344444
b7ffdddf-c837-4cfb-847c-62501b01428b,171c4f52-3f2b-49b3-a00a-1e745e8c81dc,1726564030156677777
b7ffdddf-c837-4cfb-847c-62501b01428b,171c4f52-3f2b-49b3-a00a-1e745e8c81dc,1726564030190022222
b7ffdddf-c837-4cfb-847c-62501b01428b,171c4f52-3f2b-49b3-a00a-1e745e8c81dc,1726564030223366666
b7ffdddf-c837-4cfb-847c-62501b01428b,171c4f52-3f2b-49b3-a00a-1e745e8c81dc,1726564030256711111
b7ffdddf-c837-4cfb-847c-62501b01428b,171c4f52-3f2b-49b3-a00a-1e745e8c81dc,1726564030290055555
b7ffdddf-c837-4cfb-847c-62501b01428b,171c4f52-3f2b-49b3-a00a-1e745e8c81dc,1726564030323400000
b7ffdddf-c837-4cfb-847c-62501b01428b,171c4f52-3f2b-49b3-a00a-1e745e8c81dc,1726564030356733333
b7ffdddf-c837-4cfb-847c-62501b01428b,171c4f52-3f2b-49b3-a00a-1e745e8c81dc,1726564030390077777
b7ffdddf-c837-4cfb-847c-62501b01428b,171c4f52-3f2b-49b3-a00a-1e745e8c81dc,1726564030423422222
b7ffdddf-c837-4cfb-847c-62501b01428b,171c4f52-3f2b-49b3-a00a-1e745e8c81dc,1726564030456766666
b7ffdddf-c837-4cfb-847c-62501b01428b,171c4f52-3f2b-49b3-a00a-1e745e8c81dc,1726564030490111111
b7ffdddf-c837-4cfb-847c-62501b01428b,171c4f52-3f2b-49b3-a00a-1e745e8c81dc,1726564030523444444
b7ffdddf-c837-4cfb-847c-62501b01428b,171c4f52-3f2b-49b3-a00a-1e745e8c81dc,1726564030556788888
b7ffdddf-c837-4cfb-847c-62501b01428b,171c4f52-3f2b-49b3-a00a-1e745e8c81dc,1726564030590133333
b7ffdddf-c837-4cfb-847c-62501b01428b,171c4f52-3f2b-49b3-a00a-1e745e8c81dc,1726564030623477777
b7ffdddf-c837-4cfb-847c-62501b01428b,171c4f52-3f2b-49b3-a00a-1e745e8c81dc,1726564030656822222
b7ffdddf-c837-4cfb-847c-62501b01428b,171c4f52-3f2b-49b3-a00a-1e745e8c81dc,1726564030690166666
b7ffdddf-c837-4cfb-847c-62501b01428b,171c4f52-3f2b-49b3-a00a-1e745e8c81dc,1726564030723500000
b7ffdddf-c837-4cfb-847c-62501b01428b,171c4f52-3f2b-49b3-a00a-1e745e8c81dc,1726564030756844444
b7ffdddf-c837-4cfb-847c-62501b01428b,171c4f52-3f2b-49b3-a00a-1e745e8c81dc,1726564030790188888
b7ffdddf-c837-4cfb-847c-62501b01428b,171c4f52-3f2b-49b3-a00a-1e745e8c81dc,1726564030823533333
b7ffdddf-c837-4cfb-847c-62501b01428b,171c4f52-3f2b-49b3-a00a-1e745e8c81dc,1726564030856877777
b7ffdddf-c837-4cfb-847c-62501b01428b,171c4f52-3f2b-49b3-a00a-1e745e8c81dc,1726564030890211111
b7ffdddf-c837-4cfb-847c-62501b01428b,171c4f52-3f2b-49b3-a00a-1e745e8c81dc,1726564030923555555
b7ffdddf-c837-4cfb-847c-62501b01428b,171c4f52-3f2b-49b3-a00a-1e745e8c81dc,1726564030956900000
b7ffdddf-c837-4cfb-847c-62501b01428b,171c4f52-3f2b-49b3-a00a-1e745e8c81dc,1726564030990244444
b7ffdddf-c837-4cfb-847c-62501b01428b,171c4f52-3f2b-49b3-a00a-1e745e8c81dc,1726564031023588888
b7ffdddf-c837-4cfb-847c-62501b01428b,171c4f52-3f2b-49b3-a00a-1e745e8c81dc,1726564031056933333
b7ffdddf-c837-4cfb-847c-62501b01428b,171c4f52-3f2b-49b3-a00a-1e745e8c81dc,1726564031090266666
b7ffdddf-c837-4cfb-847c-62501b01428b,171c4f52-3f2b-49b3-a00a-1e745e8c81dc,1726564031123611111
b7ffdddf-c837-4cfb-847c-62501b01428b,171c4f52-3f2b-49b3-a00a-1e745e8c81dc,1726564031156955555
b7ffdddf-c837-4cfb-847c-62501b01428b,171c4f52-3f2b-49b3-a00a-1e745e8c81dc,1726564031190300000
b7ffdddf-c837-4cfb-847c-62501b01428b,171c4f52-3f2b-49b3-a00a-1e745e8c81dc,1726564031223644444
b7ffdddf-c837-4cfb-847c-62501b01428b,171c4f52-3f2b-49b3-a00a-1e745e8c81dc,1726564031256988888
b7ffdddf-c837-4cfb-847c-62501b01428b,171c4f52-3f2b-49b3-a00a-1e745e8c81dc,1726564031290322222
b7ffdddf-c837-4cfb-847c-62501b01428b,171c4f52-3f2b-49b3-a00a-1e745e8c81dc,1726564031323666666
b7ffdddf-c837-4cfb-847c-62501b01428b,171c4f52-3f2b-49b3-a00a-1e745e8c81dc,1726564031357011111
b7ffdddf-c837-4cfb-847c-62501b01428b,171c4f52-3f2b-49b3-a00a-1e745e8c81dc,1726564031390355555
b7ffdddf-c837-4cfb-847c-62501b01428b,171c4f52-3f2b-49b3-a00a-1e745e8c81dc,1726564031423700000
b7ffdddf-c837-4cfb-847c-62501b01428b,171c4f52-3f2b-49b3-a00a-1e745e8c81dc,1726564031457033333
b7ffdddf-c837-4cfb-847c-62501b01428b,171c4f52-3f2b-49b3-a00a-1e745e8c81dc,1726564031490377777
b7ffdddf-c837-4cfb-847c-62501b01428b,171c4f52-3f2b-49b3-a00a-1e745e8c81dc,1726564031523722222
b7ffdddf-c837-4cfb-847c-62501b01428b,171c4f52-3f2b-49b3-a00a-1e745e8c81dc,1726564031557066666
b7ffdddf-c837-4cfb-847c-62501b01428b,171c4f52-3f2b-49b3-a00a-1e745e8c81dc,1726564031590411111
b7ffdddf-c837-4cfb-847c-62501b01428b,171c4f52-3f2b-49b3-a00a-1e745e8c81dc,1726564031623755555
b7ffdddf-c837-4cfb-847c-62501b01428b,171c4f52-3f2b-49b3-a00a-1e745e8c81dc,1726564031657088888
b7ffdddf-c837-4cfb-847c-62501b01428b,171c4f52-3f2b-49b3-a00a-1e745e8c81dc,1726564031690433333
b7ffdddf-c837-4cfb-847c-62501b01428b,171c4f52-3f2b-49b3-a00a-1e745e8c81dc,1726564031723777777
b7ffdddf-c837-4cfb-847c-62501b01428b,171c4f52-3f2b-49b3-a00a-1e745e8c81dc,1726564031757122222
b7ffdddf-c837-4cfb-847c-62501b01428b,171c4f52-3f2b-49b3-a00a-1e745e8c81dc,1726564031790466666
b7ffdddf-c837-4cfb-847c-62501b01428b,171c4f52-3f2b-49b3-a00a-1e745e8c81dc,1726564031823811111
b7ffdddf-c837-4cfb-847c-62501b01428b,171c4f52-3f2b-49b3-a00a-1e745e8c81dc,1726564031857144444
b7ffdddf-c837-4cfb-847c-62501b01428b,171c4f52-3f2b-49b3-a00a-1e745e8c81dc,1726564031890488888
b7ffdddf-c837-4cfb-847c-62501b01428b,171c4f52-3f2b-49b3-a00a-1e745e8c81dc,1726564031923833333
b7ffdddf-c837-4cfb-847c-62501b01428b,171c4f52-3f2b-49b3-a00a-1e745e8c81dc,1726564031957177777
b7ffdddf-c837-4cfb-847c-62501b01428b,171c4f52-3f2b-49b3-a00a-1e745e8c81dc,1726564031990522222
b7ffdddf-c837-4cfb-847c-62501b01428b,171c4f52-3f2b-49b3-a00a-1e745e8c81dc,1726564032023855555
b7ffdddf-c837-4cfb-847c-62501b01428b,171c4f52-3f2b-49b3-a00a-1e745e8c81dc,1726564032057200000
b7ffdddf-c837-4cfb-847c-62501b01428b,171c4f52-3f2b-49b3-a00a-1e745e8c81dc,1726564032090544444
b7ffdddf-c837-4cfb-847c-62501b01428b,171c4f52-3f2b-49b3-a00a-1e745e8c81dc,1726564032123888888
b7ffdddf-c837-4cfb-847c-62501b01428b,171c4f52-3f2b-49b3-a00a-1e745e8c81dc,1726564032157233333
b7ffdddf-c837-4cfb-847c-62501b01428b,171c4f52-3f2b-49b3-a00a-1e745e8c81dc,1726564032190577777
b7ffdddf-c837-4cfb-847c-62501b01428b,171c4f52-3f2b-49b3-a00a-1e745e8c81dc,1726564032223911111
b7ffdddf-c837-4cfb-847c-62501b01428b,171c4f52-3f2b-49b3-a00a-1e745e8c81dc,1726564032257255555
b7ffdddf-c837-4cfb-847c-62501b01428b,171c4f52-3f2b-49b3-a00a-1e745e8c81dc,1726564032290600000
b7ffdddf-c837-4cfb-847c-62501b01428b,171c4f52-3f2b-49b3-a00a-1e745e8c81dc,1726564032323944444
b7ffdddf-c837-4cfb-847c-62501b01428b,171c4f52-3f2b-49b3-a00a-1e745e8c81dc,1726564032357288888
b7ffdddf-c837-4cfb-847c-62501b01428b,171c4f52-3f2b-49b3-a00a-1e745e8c81dc,1726564032390622222
b7ffdddf-c837-4cfb-847c-62501b01428b,171c4f52-3f2b-49b3-a00a-1e745e8c81dc,1726564032423966666
b7ffdddf-c837-4cfb-847c-62501b01428b,171c4f52-3f2b-49b3-a00a-1e745e8c81dc,1726564032457311111
b7ffdddf-c837-4cfb-847c-62501b01428b,171c4f52-3f2b-49b3-a00a-1e745e8c81dc,1726564032490655555
b7ffdddf-c837-4cfb-847c-62501b01428b,171c4f52-3f2b-49b3-a00a-1e745e8c81dc,1726564032524000000
b7ffdddf-c837-4cfb-847c-62501b01428b,171c4f52-3f2b-49b3-a00a-1e745e8c81dc,1726564032557333333
b7ffdddf-c837-4cfb-847c-62501b01428b,171c4f52-3f2b-49b3-a00a-1e745e8c81dc,1726564032590677777
b7ffdddf-c837-4cfb-847c-62501b01428b,171c4f52-3f2b-49b3-a00a-1e745e8c81dc,1726564032624022222
b7ffdddf-c837-4cfb-847c-62501b01428b,171c4f52-3f2b-49b3-a00a-1e745e8c81dc,1726564032657366666
b7ffdddf-c837-4cfb-847c-62501b01428b,171c4f52-3f2b-49b3-a00a-1e745e8c81dc,1726564032690711111
b7ffdddf-c837-4cfb-847c-62501b01428b,171c4f52-3f2b-49b3-a00a-1e745e8c81dc,1726564032724055555
b7ffdddf-c837-4cfb-847c-62501b01428b,171c4f52-3f2b-49b3-a00a-1e745e8c81dc,1726564032757388888
b7ffdddf-c837-4cfb-847c-62501b01428b,171c4f52-3f2b-49b3-a00a-1e745e8c81dc,1726564032790733333
b7ffdddf-c837-4cfb-847c-62501b01428b,171c4f52-3f2b-49b3-a00a-1e745e8c81dc,1726564032824077777
b7ffdddf-c837-4cfb-847c-62501b01428b,171c4f52-3f2b-49b3-a00a-1e745e8c81dc,1726564032857422222
b7ffdddf-c837-4cfb-847c-62501b01428b,171c4f52-3f2b-49b3-a00a-1e745e8c81dc,1726564032890766666
b7ffdddf-c837-4cfb-847c-62501b01428b,171c4f52-3f2b-49b3-a00a-1e745e8c81dc,1726564032924111111
b7ffdddf-c837-4cfb-847c-62501b01428b,171c4f52-3f2b-49b3-a00a-1e745e8c81dc,1726564032957444444
b7ffdddf-c837-4cfb-847c-62501b01428b,171c4f52-3f2b-49b3-a00a-1e745e8c81dc,1726564032990788888
b7ffdddf-c837-4cfb-847c-62501b01428b,171c4f52-3f2b-49b3-a00a-1e745e8c81dc,1726564033024133333
b7ffdddf-c837-4cfb-847c-62501b01428b,171c4f52-3f2b-49b3-a00a-1e745e8c81dc,1726564033057477777
b7ffdddf-c837-4cfb-847c-62501b01428b,171c4f52-3f2b-49b3-a00a-1e745e8c81dc,1726564033090822222
b7ffdddf-c837-4cfb-847c-62501b01428b,171c4f52-3f2b-49b3-a00a-1e745e8c81dc,1726564033124155555
b7ffdddf-c837-4cfb-847c-62501b01428b,171c4f52-3f2b-49b3-a00a-1e745e8c81dc,1726564033157500000
b7ffdddf-c837-4cfb-847c-62501b01428b,171c4f52-3f2b-49b3-a00a-1e745e8c81dc,1726564033190844444
b7ffdddf-c837-4cfb-847c-62501b01428b,171c4f52-3f2b-49b3-a00a-1e745e8c81dc,1726564033224188888
b7ffdddf-c837-4cfb-847c-62501b01428b,171c4f52-3f2b-49b3-a00a-1e745e8c81dc,1726564033257533333
b7ffdddf-c837-4cfb-847c-62501b01428b,171c4f52-3f2b-49b3-a00a-1e745e8c81dc,1726564033290877777
b7ffdddf-c837-4cfb-847c-62501b01428b,171c4f52-3f2b-49b3-a00a-1e745e8c81dc,1726564033324211111
b7ffdddf-c837-4cfb-847c-62501b01428b,171c4f52-3f2b-49b3-a00a-1e745e8c81dc,1726564033357555555
b7ffdddf-c837-4cfb-847c-62501b01428b,171c4f52-3f2b-49b3-a00a-1e745e8c81dc,1726564033390900000
b7ffdddf-c837-4cfb-847c-62501b01428b,171c4f52-3f2b-49b3-a00a-1e745e8c81dc,1726564033424244444
b7ffdddf-c837-4cfb-847c-62501b01428b,171c4f52-3f2b-49b3-a00a-1e745e8c81dc,1726564033457588888
b7ffdddf-c837-4cfb-847c-62501b01428b,171c4f52-3f2b-49b3-a00a-1e745e8c81dc,1726564033490922222
b7ffdddf-c837-4cfb-847c-62501b01428b,171c4f52-3f2b-49b3-a00a-1e745e8c81dc,1726564033524266666
b7ffdddf-c837-4cfb-847c-62501b01428b,171c4f52-3f2b-49b3-a00a-1e745e8c81dc,1726564033557611111
b7ffdddf-c837-4cfb-847c-62501b01428b,171c4f52-3f2b-49b3-a00a-1e745e8c81dc,1726564033590955555
b7ffdddf-c837-4cfb-847c-62501b01428b,171c4f52-3f2b-49b3-a00a-1e745e8c81dc,1726564033624300000
b7ffdddf-c837-4cfb-847c-62501b01428b,171c4f52-3f2b-49b3-a00a-1e745e8c81dc,1726564033657644444
b7ffdddf-c837-4cfb-847c-62501b01428b,171c4f52-3f2b-49b3-a00a-1e745e8c81dc,1726564033690977777
b7ffdddf-c837-4cfb-847c-62501b01428b,171c4f52-3f2b-49b3-a00a-1e745e8c81dc,1726564033724322222
b7ffdddf-c837-4cfb-847c-62501b01428b,171c4f52-3f2b-49b3-a00a-1e745e8c81dc,1726564033757666666
b7ffdddf-c837-4cfb-847c-62501b01428b,171c4f52-3f2b-49b3-a00a-1e745e8c81dc,1726564033791011111
b7ffdddf-c837-4cfb-847c-62501b01428b,171c4f52-3f2b-49b3-a00a-1e745e8c81dc,1726564033824355555
b7ffdddf-c837-4cfb-847c-62501b01428b,171c4f52-3f2b-49b3-a00a-1e745e8c81dc,1726564033857700000
b7ffdddf-c837-4cfb-847c-62501b01428b,171c4f52-3f2b-49b3-a00a-1e745e8c81dc,1726564033891033333
b7ffdddf-c837-4cfb-847c-62501b01428b,171c4f52-3f2b-49b3-a00a-1e745e8c81dc,1726564033924377777
b7ffdddf-c837-4cfb-847c-62501b01428b,171c4f52-3f2b-49b3-a00a-1e745e8c81dc,1726564033957722222
b7ffdddf-c837-4cfb-847c-62501b01428b,171c4f52-3f2b-49b3-a00a-1e745e8c81dc,1726564033991066666
b7ffdddf-c837-4cfb-847c-62501b01428b,171c4f52-3f2b-49b3-a00a-1e745e8c81dc,1726564034024411111
b7ffdddf-c837-4cfb-847c-62501b01428b,171c4f52-3f2b-49b3-a00a-1e745e8c81dc,1726564034057744444
b7ffdddf-c837-4cfb-847c-62501b01428b,171c4f52-3f2b-49b3-a00a-1e745e8c81dc,1726564034091088888
b7ffdddf-c837-4cfb-847c-62501b01428b,171c4f52-3f2b-49b3-a00a-1e745e8c81dc,1726564034124433333
b7ffdddf-c837-4cfb-847c-62501b01428b,171c4f52-3f2b-49b3-a00a-1e745e8c81dc,1726564034157777777
b7ffdddf-c837-4cfb-847c-62501b01428b,171c4f52-3f2b-49b3-a00a-1e745e8c81dc,1726564034191122222
b7ffdddf-c837-4cfb-847c-62501b01428b,171c4f52-3f2b-49b3-a00a-1e745e8c81dc,1726564034224466666
b7ffdddf-c837-4cfb-847c-62501b01428b,171c4f52-3f2b-49b3-a00a-1e745e8c81dc,1726564034257800000
b7ffdddf-c837-4cfb-847c-62501b01428b,171c4f52-3f2b-49b3-a00a-1e745e8c81dc,1726564034291144444
b7ffdddf-c837-4cfb-847c-62501b01428b,171c4f52-3f2b-49b3-a00a-1e745e8c81dc,1726564034324488888
b7ffdddf-c837-4cfb-847c-62501b01428b,171c4f52-3f2b-49b3-a00a-1e745e8c81dc,1726564034357833333
b7ffdddf-c837-4cfb-847c-62501b01428b,171c4f52-3f2b-49b3-a00a-1e745e8c81dc,1726564034391177777
b7ffdddf-c837-4cfb-847c-62501b01428b,171c4f52-3f2b-49b3-a00a-1e745e8c81dc,1726564034424511111
b7ffdddf-c837-4cfb-847c-62501b01428b,171c4f52-3f2b-49b3-a00a-1e745e8c81dc,1726564034457855555
b7ffdddf-c837-4cfb-847c-62501b01428b,171c4f52-3f2b-49b3-a00a-1e745e8c81dc,1726564034491200000
b7ffdddf-c837-4cfb-847c-62501b01428b,171c4f52-3f2b-49b3-a00a-1e745e8c81dc,1726564034524544444
b7ffdddf-c837-4cfb-847c-62501b01428b,171c4f52-3f2b-49b3-a00a-1e745e8c81dc,1726564034557888888
b7ffdddf-c837-4cfb-847c-62501b01428b,171c4f52-3f2b-49b3-a00a-1e745e8c81dc,1726564034591233333
b7ffdddf-c837-4cfb-847c-62501b01428b,171c4f52-3f2b-49b3-a00a-1e745e8c81dc,1726564034624566666
b7ffdddf-c837-4cfb-847c-62501b01428b,171c4f52-3f2b-49b3-a00a-1e745e8c81dc,1726564034657911111
b7ffdddf-c837-4cfb-847c-62501b01428b,171c4f52-3f2b-49b3-a00a-1e745e8c81dc,1726564034691255555
b7ffdddf-c837-4cfb-847c-62501b01428b,171c4f52-3f2b-49b3-a00a-1e745e8c81dc,1726564034724600000
b7ffdddf-c837-4cfb-847c-62501b01428b,171c4f52-3f2b-49b3-a00a-1e745e8c81dc,1726564034757944444
b7ffdddf-c837-4cfb-847c-62501b01428b,171c4f52-3f2b-49b3-a00a-1e745e8c81dc,1726564034791277777
b7ffdddf-c837-4cfb-847c-62501b01428b,171c4f52-3f2b-49b3-a00a-1e745e8c81dc,1726564034824622222
b7ffdddf-c837-4cfb-847c-62501b01428b,171c4f52-3f2b-49b3-a00a-1e745e8c81dc,1726564034857966666
b7ffdddf-c837-4cfb-847c-62501b01428b,171c4f52-3f2b-49b3-a00a-1e745e8c81dc,1726564034891311111
b7ffdddf-c837-4cfb-847c-62501b01428b,171c4f52-3f2b-49b3-a00a-1e745e8c81dc,1726564034924655555
b7ffdddf-c837-4cfb-847c-62501b01428b,171c4f52-3f2b-49b3-a00a-1e745e8c81dc,1726564034958000000
b7ffdddf-c837-4cfb-847c-62501b01428b,171c4f52-3f2b-49b3-a00a-1e745e8c81dc,1726564034991333333
b7ffdddf-c837-4cfb-847c-62501b01428b,171c4f52-3f2b-49b3-a00a-1e745e8c81dc,1726564035024677777
b7ffdddf-c837-4cfb-847c-62501b01428b,171c4f52-3f2b-49b3-a00a-1e745e8c81dc,1726564035058022222
b7ffdddf-c837-4cfb-847c-62501b01428b,171c4f52-3f2b-49b3-a00a-1e745e8c81dc,1726564035091366666
b7ffdddf-c837-4cfb-847c-62501b01428b,171c4f52-3f2b-49b3-a00a-1e745e8c81dc,1726564035124711111
b7ffdddf-c837-4cfb-847c-62501b01428b,171c4f52-3f2b-49b3-a00a-1e745e8c81dc,1726564035158044444
b7ffdddf-c837-4cfb-847c-62501b01428b,171c4f52-3f2b-49b3-a00a-1e745e8c81dc,1726564035191388888
b7ffdddf-c837-4cfb-847c-62501b01428b,171c4f52-3f2b-49b3-a00a-1e745e8c81dc,1726564035224733333
b7ffdddf-c837-4cfb-847c-62501b01428b,171c4f52-3f2b-49b3-a00a-1e745e8c81dc,1726564035258077777
b7ffdddf-c837-4cfb-847c-62501b01428b,171c4f52-3f2b-49b3-a00a-1e745e8c81dc,1726564035291422222
b7ffdddf-c837-4cfb-847c-62501b01428b,171c4f52-3f2b-49b3-a00a-1e745e8c81dc,1726564035324766666
b7ffdddf-c837-4cfb-847c-62501b01428b,171c4f52-3f2b-49b3-a00a-1e745e8c81dc,1726564035358100000
b7ffdddf-c837-4cfb-847c-62501b01428b,171c4f52-3f2b-49b3-a00a-1e745e8c81dc,1726564035391444444
b7ffdddf-c837-4cfb-847c-62501b01428b,171c4f52-3f2b-49b3-a00a-1e745e8c81dc,1726564035424788888
b7ffdddf-c837-4cfb-847c-62501b01428b,171c4f52-3f2b-49b3-a00a-1e745e8c81dc,1726564035458133333
b7ffdddf-c837-4cfb-847c-62501b01428b,171c4f52-3f2b-49b3-a00a-1e745e8c81dc,1726564035491477777
b7ffdddf-c837-4cfb-847c-62501b01428b,171c4f52-3f2b-49b3-a00a-1e745e8c81dc,1726564035524811111
b7ffdddf-c837-4cfb-847c-62501b01428b,171c4f52-3f2b-49b3-a00a-1e745e8c81dc,1726564035558155555
b7ffdddf-c837-4cfb-847c-62501b01428b,171c4f52-3f2b-49b3-a00a-1e745e8c81dc,1726564035591500000
b7ffdddf-c837-4cfb-847c-62501b01428b,171c4f52-3f2b-49b3-a00a-1e745e8c81dc,1726564035624844444
b7ffdddf-c837-4cfb-847c-62501b01428b,171c4f52-3f2b-49b3-a00a-1e745e8c81dc,1726564035658188888
b7ffdddf-c837-4cfb-847c-62501b01428b,171c4f52-3f2b-49b3-a00a-1e745e8c81dc,1726564035691533333
b7ffdddf-c837-4cfb-847c-62501b01428b,171c4f52-3f2b-49b3-a00a-1e745e8c81dc,1726564035724866666
b7ffdddf-c837-4cfb-847c-62501b01428b,171c4f52-3f2b-49b3-a00a-1e745e8c81dc,1726564035758211111
b7ffdddf-c837-4cfb-847c-62501b01428b,171c4f52-3f2b-49b3-a00a-1e745e8c81dc,1726564035791555555
b7ffdddf-c837-4cfb-847c-62501b01428b,171c4f52-3f2b-49b3-a00a-1e745e8c81dc,1726564035824900000
b7ffdddf-c837-4cfb-847c-62501b01428b,171c4f52-3f2b-49b3-a00a-1e745e8c81dc,1726564035858244444
b7ffdddf-c837-4cfb-847c-62501b01428b,171c4f52-3f2b-49b3-a00a-1e745e8c81dc,1726564035891588888
b7ffdddf-c837-4cfb-847c-62501b01428b,171c4f52-3f2b-49b3-a00a-1e745e8c81dc,1726564035924922222
b7ffdddf-c837-4cfb-847c-62501b01428b,171c4f52-3f2b-49b3-a00a-1e745e8c81dc,1726564035958266666
b7ffdddf-c837-4cfb-847c-62501b01428b,171c4f52-3f2b-49b3-a00a-1e745e8c81dc,1726564035991611111
b7ffdddf-c837-4cfb-847c-62501b01428b,171c4f52-3f2b-49b3-a00a-1e745e8c81dc,1726564036024955555
b7ffdddf-c837-4cfb-847c-62501b01428b,171c4f52-3f2b-49b3-a00a-1e745e8c81dc,1726564036058300000
b7ffdddf-c837-4cfb-847c-62501b01428b,171c4f52-3f2b-49b3-a00a-1e745e8c81dc,1726564036091633333
b7ffdddf-c837-4cfb-847c-62501b01428b,171c4f52-3f2b-49b3-a00a-1e745e8c81dc,1726564036124977777
b7ffdddf-c837-4cfb-847c-62501b01428b,171c4f52-3f2b-49b3-a00a-1e745e8c81dc,1726564036158322222
b7ffdddf-c837-4cfb-847c-62501b01428b,171c4f52-3f2b-49b3-a00a-1e745e8c81dc,1726564036191666666
b7ffdddf-c837-4cfb-847c-62501b01428b,171c4f52-3f2b-49b3-a00a-1e745e8c81dc,1726564036225011111
b7ffdddf-c837-4cfb-847c-62501b01428b,171c4f52-3f2b-49b3-a00a-1e745e8c81dc,1726564036258355555
b7ffdddf-c837-4cfb-847c-62501b01428b,171c4f52-3f2b-49b3-a00a-1e745e8c81dc,1726564036291688888
b7ffdddf-c837-4cfb-847c-62501b01428b,171c4f52-3f2b-49b3-a00a-1e745e8c81dc,1726564036325033333
b7ffdddf-c837-4cfb-847c-62501b01428b,171c4f52-3f2b-49b3-a00a-1e745e8c81dc,1726564036358377777
b7ffdddf-c837-4cfb-847c-62501b01428b,171c4f52-3f2b-49b3-a00a-1e745e8c81dc,1726564036391722222
b7ffdddf-c837-4cfb-847c-62501b01428b,171c4f52-3f2b-49b3-a00a-1e745e8c81dc,1726564036425066666
b7ffdddf-c837-4cfb-847c-62501b01428b,171c4f52-3f2b-49b3-a00a-1e745e8c81dc,1726564036458411111
b7ffdddf-c837-4cfb-847c-62501b01428b,171c4f52-3f2b-49b3-a00a-1e745e8c81dc,1726564036491744444
b7ffdddf-c837-4cfb-847c-62501b01428b,171c4f52-3f2b-49b3-a00a-1e745e8c81dc,1726564036525088888
b7ffdddf-c837-4cfb-847c-62501b01428b,171c4f52-3f2b-49b3-a00a-1e745e8c81dc,1726564036558433333
b7ffdddf-c837-4cfb-847c-62501b01428b,171c4f52-3f2b-49b3-a00a-1e745e8c81dc,1726564036591777777
b7ffdddf-c837-4cfb-847c-62501b01428b,171c4f52-3f2b-49b3-a00a-1e745e8c81dc,1726564036625122222
b7ffdddf-c837-4cfb-847c-62501b01428b,171c4f52-3f2b-49b3-a00a-1e745e8c81dc,1726564036658455555
b7ffdddf-c837-4cfb-847c-62501b01428b,171c4f52-3f2b-49b3-a00a-1e745e8c81dc,1726564036691800000
b7ffdddf-c837-4cfb-847c-62501b01428b,171c4f52-3f2b-49b3-a00a-1e745e8c81dc,1726564036725144444
b7ffdddf-c837-4cfb-847c-62501b01428b,171c4f52-3f2b-49b3-a00a-1e745e8c81dc,1726564036758488888
b7ffdddf-c837-4cfb-847c-62501b01428b,171c4f52-3f2b-49b3-a00a-1e745e8c81dc,1726564036791833333
b7ffdddf-c837-4cfb-847c-62501b01428b,171c4f52-3f2b-49b3-a00a-1e745e8c81dc,1726564036825177777
b7ffdddf-c837-4cfb-847c-62501b01428b,171c4f52-3f2b-49b3-a00a-1e745e8c81dc,1726564036858511111
b7ffdddf-c837-4cfb-847c-62501b01428b,171c4f52-3f2b-49b3-a00a-1e745e8c81dc,1726564036891855555
b7ffdddf-c837-4cfb-847c-62501b01428b,171c4f52-3f2b-49b3-a00a-1e745e8c81dc,1726564036925200000
b7ffdddf-c837-4cfb-847c-62501b01428b,171c4f52-3f2b-49b3-a00a-1e745e8c81dc,1726564036958544444
b7ffdddf-c837-4cfb-847c-62501b01428b,171c4f52-3f2b-49b3-a00a-1e745e8c81dc,1726564036991888888
b7ffdddf-c837-4cfb-847c-62501b01428b,171c4f52-3f2b-49b3-a00a-1e745e8c81dc,1726564037025222222
b7ffdddf-c837-4cfb-847c-62501b01428b,171c4f52-3f2b-49b3-a00a-1e745e8c81dc,1726564037058566666
b7ffdddf-c837-4cfb-847c-62501b01428b,171c4f52-3f2b-49b3-a00a-1e745e8c81dc,1726564037091911111
b7ffdddf-c837-4cfb-847c-62501b01428b,171c4f52-3f2b-49b3-a00a-1e745e8c81dc,1726564037125255555
b7ffdddf-c837-4cfb-847c-62501b01428b,171c4f52-3f2b-49b3-a00a-1e745e8c81dc,1726564037158600000
b7ffdddf-c837-4cfb-847c-62501b01428b,171c4f52-3f2b-49b3-a00a-1e745e8c81dc,1726564037191944444
b7ffdddf-c837-4cfb-847c-62501b01428b,171c4f52-3f2b-49b3-a00a-1e745e8c81dc,1726564037225277777
b7ffdddf-c837-4cfb-847c-62501b01428b,171c4f52-3f2b-49b3-a00a-1e745e8c81dc,1726564037258622222
b7ffdddf-c837-4cfb-847c-62501b01428b,171c4f52-3f2b-49b3-a00a-1e745e8c81dc,1726564037291966666
b7ffdddf-c837-4cfb-847c-62501b01428b,171c4f52-3f2b-49b3-a00a-1e745e8c81dc,1726564037325311111
b7ffdddf-c837-4cfb-847c-62501b01428b,171c4f52-3f2b-49b3-a00a-1e745e8c81dc,1726564037358655555
b7ffdddf-c837-4cfb-847c-62501b01428b,171c4f52-3f2b-49b3-a00a-1e745e8c81dc,1726564037391988888
b7ffdddf-c837-4cfb-847c-62501b01428b,171c4f52-3f2b-49b3-a00a-1e745e8c81dc,1726564037425333333
b7ffdddf-c837-4cfb-847c-62501b01428b,171c4f52-3f2b-49b3-a00a-1e745e8c81dc,1726564037458677777
b7ffdddf-c837-4cfb-847c-62501b01428b,171c4f52-3f2b-49b3-a00a-1e745e8c81dc,1726564037492022222
b7ffdddf-c837-4cfb-847c-62501b01428b,171c4f52-3f2b-49b3-a00a-1e745e8c81dc,1726564037525366666
b7ffdddf-c837-4cfb-847c-62501b01428b,171c4f52-3f2b-49b3-a00a-1e745e8c81dc,1726564037558711111
b7ffdddf-c837-4cfb-847c-62501b01428b,171c4f52-3f2b-49b3-a00a-1e745e8c81dc,1726564037592044444
b7ffdddf-c837-4cfb-847c-62501b01428b,171c4f52-3f2b-49b3-a00a-1e745e8c81dc,1726564037625388888
b7ffdddf-c837-4cfb-847c-62501b01428b,171c4f52-3f2b-49b3-a00a-1e745e8c81dc,1726564037658733333
b7ffdddf-c837-4cfb-847c-62501b01428b,171c4f52-3f2b-49b3-a00a-1e745e8c81dc,1726564037692077777
b7ffdddf-c837-4cfb-847c-62501b01428b,171c4f52-3f2b-49b3-a00a-1e745e8c81dc,1726564037725422222
b7ffdddf-c837-4cfb-847c-62501b01428b,171c4f52-3f2b-49b3-a00a-1e745e8c81dc,1726564037758755555
b7ffdddf-c837-4cfb-847c-62501b01428b,171c4f52-3f2b-49b3-a00a-1e745e8c81dc,1726564037792100000
b7ffdddf-c837-4cfb-847c-62501b01428b,171c4f52-3f2b-49b3-a00a-1e745e8c81dc,1726564037825444444
b7ffdddf-c837-4cfb-847c-62501b01428b,171c4f52-3f2b-49b3-a00a-1e745e8c81dc,1726564037858788888
b7ffdddf-c837-4cfb-847c-62501b01428b,171c4f52-3f2b-49b3-a00a-1e745e8c81dc,1726564037892133333
b7ffdddf-c837-4cfb-847c-62501b01428b,171c4f52-3f2b-49b3-a00a-1e745e8c81dc,1726564037925477777
b7ffdddf-c837-4cfb-847c-62501b01428b,171c4f52-3f2b-49b3-a00a-1e745e8c81dc,1726564037958811111
b7ffdddf-c837-4cfb-847c-62501b01428b,171c4f52-3f2b-49b3-a00a-1e745e8c81dc,1726564037992155555
b7ffdddf-c837-4cfb-847c-62501b01428b,171c4f52-3f2b-49b3-a00a-1e745e8c81dc,1726564038025500000
b7ffdddf-c837-4cfb-847c-62501b01428b,171c4f52-3f2b-49b3-a00a-1e745e8c81dc,1726564038058844444
b7ffdddf-c837-4cfb-847c-62501b01428b,171c4f52-3f2b-49b3-a00a-1e745e8c81dc,1726564038092188888
b7ffdddf-c837-4cfb-847c-62501b01428b,171c4f52-3f2b-49b3-a00a-1e745e8c81dc,1726564038125522222
b7ffdddf-c837-4cfb-847c-62501b01428b,171c4f52-3f2b-49b3-a00a-1e745e8c81dc,1726564038158866666
b7ffdddf-c837-4cfb-847c-62501b01428b,171c4f52-3f2b-49b3-a00a-1e745e8c81dc,1726564038192211111
b7ffdddf-c837-4cfb-847c-62501b01428b,171c4f52-3f2b-49b3-a00a-1e745e8c81dc,1726564038225555555
b7ffdddf-c837-4cfb-847c-62501b01428b,171c4f52-3f2b-49b3-a00a-1e745e8c81dc,1726564038258900000
b7ffdddf-c837-4cfb-847c-62501b01428b,171c4f52-3f2b-49b3-a00a-1e745e8c81dc,1726564038292244444
b7ffdddf-c837-4cfb-847c-62501b01428b,171c4f52-3f2b-49b3-a00a-1e745e8c81dc,1726564038325577777
b7ffdddf-c837-4cfb-847c-62501b01428b,171c4f52-3f2b-49b3-a00a-1e745e8c81dc,1726564038358922222
b7ffdddf-c837-4cfb-847c-62501b01428b,171c4f52-3f2b-49b3-a00a-1e745e8c81dc,1726564038392266666
b7ffdddf-c837-4cfb-847c-62501b01428b,171c4f52-3f2b-49b3-a00a-1e745e8c81dc,1726564038425611111
b7ffdddf-c837-4cfb-847c-62501b01428b,171c4f52-3f2b-49b3-a00a-1e745e8c81dc,1726564038458955555
b7ffdddf-c837-4cfb-847c-62501b01428b,171c4f52-3f2b-49b3-a00a-1e745e8c81dc,1726564038492300000
b7ffdddf-c837-4cfb-847c-62501b01428b,171c4f52-3f2b-49b3-a00a-1e745e8c81dc,1726564038525633333
b7ffdddf-c837-4cfb-847c-62501b01428b,171c4f52-3f2b-49b3-a00a-1e745e8c81dc,1726564038558977777
b7ffdddf-c837-4cfb-847c-62501b01428b,171c4f52-3f2b-49b3-a00a-1e745e8c81dc,1726564038592322222
b7ffdddf-c837-4cfb-847c-62501b01428b,171c4f52-3f2b-49b3-a00a-1e745e8c81dc,1726564038625666666
b7ffdddf-c837-4cfb-847c-62501b01428b,171c4f52-3f2b-49b3-a00a-1e745e8c81dc,1726564038659011111
b7ffdddf-c837-4cfb-847c-62501b01428b,171c4f52-3f2b-49b3-a00a-1e745e8c81dc,1726564038692344444
b7ffdddf-c837-4cfb-847c-62501b01428b,171c4f52-3f2b-49b3-a00a-1e745e8c81dc,1726564038725688888
b7ffdddf-c837-4cfb-847c-62501b01428b,171c4f52-3f2b-49b3-a00a-1e745e8c81dc,1726564038759033333
b7ffdddf-c837-4cfb-847c-62501b01428b,171c4f52-3f2b-49b3-a00a-1e745e8c81dc,1726564038792377777
b7ffdddf-c837-4cfb-847c-62501b01428b,171c4f52-3f2b-49b3-a00a-1e745e8c81dc,1726564038825722222
b7ffdddf-c837-4cfb-847c-62501b01428b,171c4f52-3f2b-49b3-a00a-1e745e8c81dc,1726564038859066666
b7ffdddf-c837-4cfb-847c-62501b01428b,171c4f52-3f2b-49b3-a00a-1e745e8c81dc,1726564038892400000
b7ffdddf-c837-4cfb-847c-62501b01428b,171c4f52-3f2b-49b3-a00a-1e745e8c81dc,1726564038925744444
b7ffdddf-c837-4cfb-847c-62501b01428b,171c4f52-3f2b-49b3-a00a-1e745e8c81dc,1726564038959088888
b7ffdddf-c837-4cfb-847c-62501b01428b,171c4f52-3f2b-49b3-a00a-1e745e8c81dc,1726564038992433333
b7ffdddf-c837-4cfb-847c-62501b01428b,171c4f52-3f2b-49b3-a00a-1e745e8c81dc,1726564039025777777
b7ffdddf-c837-4cfb-847c-62501b01428b,171c4f52-3f2b-49b3-a00a-1e745e8c81dc,1726564039059111111
b7ffdddf-c837-4cfb-847c-62501b01428b,171c4f52-3f2b-49b3-a00a-1e745e8c81dc,1726564039092455555
b7ffdddf-c837-4cfb-847c-62501b01428b,171c4f52-3f2b-49b3-a00a-1e745e8c81dc,1726564039125800000
b7ffdddf-c837-4cfb-847c-62501b01428b,171c4f52-3f2b-49b3-a00a-1e745e8c81dc,1726564039159144444
b7ffdddf-c837-4cfb-847c-62501b01428b,171c4f52-3f2b-49b3-a00a-1e745e8c81dc,1726564039192488888
b7ffdddf-c837-4cfb-847c-62501b01428b,171c4f52-3f2b-49b3-a00a-1e745e8c81dc,1726564039225833333
b7ffdddf-c837-4cfb-847c-62501b01428b,171c4f52-3f2b-49b3-a00a-1e745e8c81dc,1726564039259166666
b7ffdddf-c837-4cfb-847c-62501b01428b,171c4f52-3f2b-49b3-a00a-1e745e8c81dc,1726564039292511111
b7ffdddf-c837-4cfb-847c-62501b01428b,171c4f52-3f2b-49b3-a00a-1e745e8c81dc,1726564039325855555
b7ffdddf-c837-4cfb-847c-62501b01428b,171c4f52-3f2b-49b3-a00a-1e745e8c81dc,1726564039359200000
b7ffdddf-c837-4cfb-847c-62501b01428b,171c4f52-3f2b-49b3-a00a-1e745e8c81dc,1726564039392544444
b7ffdddf-c837-4cfb-847c-62501b01428b,171c4f52-3f2b-49b3-a00a-1e745e8c81dc,1726564039425877777
b7ffdddf-c837-4cfb-847c-62501b01428b,171c4f52-3f2b-49b3-a00a-1e745e8c81dc,1726564039459222222
b7ffdddf-c837-4cfb-847c-62501b01428b,171c4f52-3f2b-49b3-a00a-1e745e8c81dc,1726564039492566666
b7ffdddf-c837-4cfb-847c-62501b01428b,171c4f52-3f2b-49b3-a00a-1e745e8c81dc,1726564039525911111
b7ffdddf-c837-4cfb-847c-62501b01428b,171c4f52-3f2b-49b3-a00a-1e745e8c81dc,1726564039559255555
b7ffdddf-c837-4cfb-847c-62501b01428b,171c4f52-3f2b-49b3-a00a-1e745e8c81dc,1726564039592600000
b7ffdddf-c837-4cfb-847c-62501b01428b,171c4f52-3f2b-49b3-a00a-1e745e8c81dc,1726564039625933333
b7ffdddf-c837-4cfb-847c-62501b01428b,171c4f52-3f2b-49b3-a00a-1e745e8c81dc,1726564039659277777
b7ffdddf-c837-4cfb-847c-62501b01428b,171c4f52-3f2b-49b3-a00a-1e745e8c81dc,1726564039692622222
b7ffdddf-c837-4cfb-847c-62501b01428b,171c4f52-3f2b-49b3-a00a-1e745e8c81dc,1726564039725966666
b7ffdddf-c837-4cfb-847c-62501b01428b,171c4f52-3f2b-49b3-a00a-1e745e8c81dc,1726564039759311111
b7ffdddf-c837-4cfb-847c-62501b01428b,171c4f52-3f2b-49b3-a00a-1e745e8c81dc,1726564039792644444
b7ffdddf-c837-4cfb-847c-62501b01428b,171c4f52-3f2b-49b3-a00a-1e745e8c81dc,1726564039825988888
b7ffdddf-c837-4cfb-847c-62501b01428b,171c4f52-3f2b-49b3-a00a-1e745e8c81dc,1726564039859333333
b7ffdddf-c837-4cfb-847c-62501b01428b,171c4f52-3f2b-49b3-a00a-1e745e8c81dc,1726564039892677777
b7ffdddf-c837-4cfb-847c-62501b01428b,171c4f52-3f2b-49b3-a00a-1e745e8c81dc,1726564039926022222
b7ffdddf-c837-4cfb-847c-62501b01428b,171c4f52-3f2b-49b3-a00a-1e745e8c81dc,1726564039959366666
b7ffdddf-c837-4cfb-847c-62501b01428b,171c4f52-3f2b-49b3-a00a-1e745e8c81dc,1726564039992700000
b7ffdddf-c837-4cfb-847c-62501b01428b,171c4f52-3f2b-49b3-a00a-1e745e8c81dc,1726564040026044444
b7ffdddf-c837-4cfb-847c-62501b01428b,171c4f52-3f2b-49b3-a00a-1e745e8c81dc,1726564040059388888
b7ffdddf-c837-4cfb-847c-62501b01428b,171c4f52-3f2b-49b3-a00a-1e745e8c81dc,1726564040092733333
b7ffdddf-c837-4cfb-847c-62501b01428b,171c4f52-3f2b-49b3-a00a-1e745e8c81dc,1726564040126077777
b7ffdddf-c837-4cfb-847c-62501b01428b,171c4f52-3f2b-49b3-a00a-1e745e8c81dc,1726564040159411111
b7ffdddf-c837-4cfb-847c-62501b01428b,171c4f52-3f2b-49b3-a00a-1e745e8c81dc,1726564040192755555
b7ffdddf-c837-4cfb-847c-62501b01428b,171c4f52-3f2b-49b3-a00a-1e745e8c81dc,1726564040226100000
b7ffdddf-c837-4cfb-847c-62501b01428b,171c4f52-3f2b-49b3-a00a-1e745e8c81dc,1726564040259444444
b7ffdddf-c837-4cfb-847c-62501b01428b,171c4f52-3f2b-49b3-a00a-1e745e8c81dc,1726564040292788888
b7ffdddf-c837-4cfb-847c-62501b01428b,171c4f52-3f2b-49b3-a00a-1e745e8c81dc,1726564040326133333
b7ffdddf-c837-4cfb-847c-62501b01428b,171c4f52-3f2b-49b3-a00a-1e745e8c81dc,1726564040359466666
b7ffdddf-c837-4cfb-847c-62501b01428b,171c4f52-3f2b-49b3-a00a-1e745e8c81dc,1726564040392811111
b7ffdddf-c837-4cfb-847c-62501b01428b,171c4f52-3f2b-49b3-a00a-1e745e8c81dc,1726564040426155555
b7ffdddf-c837-4cfb-847c-62501b01428b,171c4f52-3f2b-49b3-a00a-1e745e8c81dc,1726564040459500000
b7ffdddf-c837-4cfb-847c-62501b01428b,171c4f52-3f2b-49b3-a00a-1e745e8c81dc,1726564040492844444
b7ffdddf-c837-4cfb-847c-62501b01428b,171c4f52-3f2b-49b3-a00a-1e745e8c81dc,1726564040526188888
b7ffdddf-c837-4cfb-847c-62501b01428b,171c4f52-3f2b-49b3-a00a-1e745e8c81dc,1726564040559522222
b7ffdddf-c837-4cfb-847c-62501b01428b,171c4f52-3f2b-49b3-a00a-1e745e8c81dc,1726564040592866666
b7ffdddf-c837-4cfb-847c-62501b01428b,171c4f52-3f2b-49b3-a00a-1e745e8c81dc,1726564040626211111
b7ffdddf-c837-4cfb-847c-62501b01428b,171c4f52-3f2b-49b3-a00a-1e745e8c81dc,1726564040659555555
b7ffdddf-c837-4cfb-847c-62501b01428b,171c4f52-3f2b-49b3-a00a-1e745e8c81dc,1726564040692900000
b7ffdddf-c837-4cfb-847c-62501b01428b,171c4f52-3f2b-49b3-a00a-1e745e8c81dc,1726564040726233333
b7ffdddf-c837-4cfb-847c-62501b01428b,171c4f52-3f2b-49b3-a00a-1e745e8c81dc,1726564040759577777
b7ffdddf-c837-4cfb-847c-62501b01428b,171c4f52-3f2b-49b3-a00a-1e745e8c81dc,1726564040792922222
b7ffdddf-c837-4cfb-847c-62501b01428b,171c4f52-3f2b-49b3-a00a-1e745e8c81dc,1726564040826266666
b7ffdddf-c837-4cfb-847c-62501b01428b,171c4f52-3f2b-49b3-a00a-1e745e8c81dc,1726564040859611111
b7ffdddf-c837-4cfb-847c-62501b01428b,171c4f52-3f2b-49b3-a00a-1e745e8c81dc,1726564040892955555
b7ffdddf-c837-4cfb-847c-62501b01428b,171c4f52-3f2b-49b3-a00a-1e745e8c81dc,1726564040926288888
b7ffdddf-c837-4cfb-847c-62501b01428b,171c4f52-3f2b-49b3-a00a-1e745e8c81dc,1726564040959633333
b7ffdddf-c837-4cfb-847c-62501b01428b,171c4f52-3f2b-49b3-a00a-1e745e8c81dc,1726564040992977777
b7ffdddf-c837-4cfb-847c-62501b01428b,171c4f52-3f2b-49b3-a00a-1e745e8c81dc,1726564041026322222
b7ffdddf-c837-4cfb-847c-62501b01428b,171c4f52-3f2b-49b3-a00a-1e745e8c81dc,1726564041059666666
b7ffdddf-c837-4cfb-847c-62501b01428b,171c4f52-3f2b-49b3-a00a-1e745e8c81dc,1726564041093011111
b7ffdddf-c837-4cfb-847c-62501b01428b,171c4f52-3f2b-49b3-a00a-1e745e8c81dc,1726564041126344444
b7ffdddf-c837-4cfb-847c-62501b01428b,171c4f52-3f2b-49b3-a00a-1e745e8c81dc,1726564041159688888
b7ffdddf-c837-4cfb-847c-62501b01428b,171c4f52-3f2b-49b3-a00a-1e745e8c81dc,1726564041193033333
b7ffdddf-c837-4cfb-847c-62501b01428b,171c4f52-3f2b-49b3-a00a-1e745e8c81dc,1726564041226377777
b7ffdddf-c837-4cfb-847c-62501b01428b,171c4f52-3f2b-49b3-a00a-1e745e8c81dc,1726564041259722222
b7ffdddf-c837-4cfb-847c-62501b01428b,171c4f52-3f2b-49b3-a00a-1e745e8c81dc,1726564041293055555
b7ffdddf-c837-4cfb-847c-62501b01428b,171c4f52-3f2b-49b3-a00a-1e745e8c81dc,1726564041326400000
b7ffdddf-c837-4cfb-847c-62501b01428b,171c4f52-3f2b-49b3-a00a-1e745e8c81dc,1726564041359744444
b7ffdddf-c837-4cfb-847c-62501b01428b,171c4f52-3f2b-49b3-a00a-1e745e8c81dc,1726564041393088888
b7ffdddf-c837-4cfb-847c-62501b01428b,171c4f52-3f2b-49b3-a00a-1e745e8c81dc,1726564041426433333
b7ffdddf-c837-4cfb-847c-62501b01428b,171c4f52-3f2b-49b3-a00a-1e745e8c81dc,1726564041459777777
b7ffdddf-c837-4cfb-847c-62501b01428b,171c4f52-3f2b-49b3-a00a-1e745e8c81dc,1726564041493111111
b7ffdddf-c837-4cfb-847c-62501b01428b,171c4f52-3f2b-49b3-a00a-1e745e8c81dc,1726564041526455555
b7ffdddf-c837-4cfb-847c-62501b01428b,171c4f52-3f2b-49b3-a00a-1e745e8c81dc,1726564041559800000
b7ffdddf-c837-4cfb-847c-62501b01428b,171c4f52-3f2b-49b3-a00a-1e745e8c81dc,1726564041593144444
b7ffdddf-c837-4cfb-847c-62501b01428b,171c4f52-3f2b-49b3-a00a-1e745e8c81dc,1726564041626488888
b7ffdddf-c837-4cfb-847c-62501b01428b,171c4f52-3f2b-49b3-a00a-1e745e8c81dc,1726564041659822222
b7ffdddf-c837-4cfb-847c-62501b01428b,171c4f52-3f2b-49b3-a00a-1e745e8c81dc,1726564041693166666
b7ffdddf-c837-4cfb-847c-62501b01428b,171c4f52-3f2b-49b3-a00a-1e745e8c81dc,1726564041726511111
b7ffdddf-c837-4cfb-847c-62501b01428b,171c4f52-3f2b-49b3-a00a-1e745e8c81dc,1726564041759855555
b7ffdddf-c837-4cfb-847c-62501b01428b,171c4f52-3f2b-49b3-a00a-1e745e8c81dc,1726564041793200000
b7ffdddf-c837-4cfb-847c-62501b01428b,171c4f52-3f2b-49b3-a00a-1e745e8c81dc,1726564041826544444
b7ffdddf-c837-4cfb-847c-62501b01428b,171c4f52-3f2b-49b3-a00a-1e745e8c81dc,1726564041859877777
b7ffdddf-c837-4cfb-847c-62501b01428b,171c4f52-3f2b-49b3-a00a-1e745e8c81dc,1726564041893222222
b7ffdddf-c837-4cfb-847c-62501b01428b,171c4f52-3f2b-49b3-a00a-1e745e8c81dc,1726564041926566666
b7ffdddf-c837-4cfb-847c-62501b01428b,171c4f52-3f2b-49b3-a00a-1e745e8c81dc,1726564041959911111
b7ffdddf-c837-4cfb-847c-62501b01428b,171c4f52-3f2b-49b3-a00a-1e745e8c81dc,1726564041993255555
b7ffdddf-c837-4cfb-847c-62501b01428b,171c4f52-3f2b-49b3-a00a-1e745e8c81dc,1726564042026588888
b7ffdddf-c837-4cfb-847c-62501b01428b,171c4f52-3f2b-49b3-a00a-1e745e8c81dc,1726564042059933333
b7ffdddf-c837-4cfb-847c-62501b01428b,171c4f52-3f2b-49b3-a00a-1e745e8c81dc,1726564042093277777
b7ffdddf-c837-4cfb-847c-62501b01428b,171c4f52-3f2b-49b3-a00a-1e745e8c81dc,1726564042126622222
b7ffdddf-c837-4cfb-847c-62501b01428b,171c4f52-3f2b-49b3-a00a-1e745e8c81dc,1726564042159966666
b7ffdddf-c837-4cfb-847c-62501b01428b,171c4f52-3f2b-49b3-a00a-1e745e8c81dc,1726564042193311111
b7ffdddf-c837-4cfb-847c-62501b01428b,171c4f52-3f2b-49b3-a00a-1e745e8c81dc,1726564042226644444
b7ffdddf-c837-4cfb-847c-62501b01428b,171c4f52-3f2b-49b3-a00a-1e745e8c81dc,1726564042259988888
b7ffdddf-c837-4cfb-847c-62501b01428b,171c4f52-3f2b-49b3-a00a-1e745e8c81dc,1726564042293333333
b7ffdddf-c837-4cfb-847c-62501b01428b,171c4f52-3f2b-49b3-a00a-1e745e8c81dc,1726564042326677777
b7ffdddf-c837-4cfb-847c-62501b01428b,171c4f52-3f2b-49b3-a00a-1e745e8c81dc,1726564042360022222
b7ffdddf-c837-4cfb-847c-62501b01428b,171c4f52-3f2b-49b3-a00a-1e745e8c81dc,1726564042393355555
b7ffdddf-c837-4cfb-847c-62501b01428b,171c4f52-3f2b-49b3-a00a-1e745e8c81dc,1726564042426700000
b7ffdddf-c837-4cfb-847c-62501b01428b,171c4f52-3f2b-49b3-a00a-1e745e8c81dc,1726564042460044444
b7ffdddf-c837-4cfb-847c-62501b01428b,171c4f52-3f2b-49b3-a00a-1e745e8c81dc,1726564042493388888
b7ffdddf-c837-4cfb-847c-62501b01428b,171c4f52-3f2b-49b3-a00a-1e745e8c81dc,1726564042526733333
b7ffdddf-c837-4cfb-847c-62501b01428b,171c4f52-3f2b-49b3-a00a-1e745e8c81dc,1726564042560077777
b7ffdddf-c837-4cfb-847c-62501b01428b,171c4f52-3f2b-49b3-a00a-1e745e8c81dc,1726564042593411111
b7ffdddf-c837-4cfb-847c-62501b01428b,171c4f52-3f2b-49b3-a00a-1e745e8c81dc,1726564042626755555
b7ffdddf-c837-4cfb-847c-62501b01428b,171c4f52-3f2b-49b3-a00a-1e745e8c81dc,1726564042660099999
b7ffdddf-c837-4cfb-847c-62501b01428b,171c4f52-3f2b-49b3-a00a-1e745e8c81dc,1726564042693444444
b7ffdddf-c837-4cfb-847c-62501b01428b,171c4f52-3f2b-49b3-a00a-1e745e8c81dc,1726564042726788888
b7ffdddf-c837-4cfb-847c-62501b01428b,171c4f52-3f2b-49b3-a00a-1e745e8c81dc,1726564042760122222
b7ffdddf-c837-4cfb-847c-62501b01428b,171c4f52-3f2b-49b3-a00a-1e745e8c81dc,1726564042793466666
b7ffdddf-c837-4cfb-847c-62501b01428b,171c4f52-3f2b-49b3-a00a-1e745e8c81dc,1726564042826811111
b7ffdddf-c837-4cfb-847c-62501b01428b,171c4f52-3f2b-49b3-a00a-1e745e8c81dc,1726564042860155555
b7ffdddf-c837-4cfb-847c-62501b01428b,171c4f52-3f2b-49b3-a00a-1e745e8c81dc,1726564042893500000
b7ffdddf-c837-4cfb-847c-62501b01428b,171c4f52-3f2b-49b3-a00a-1e745e8c81dc,1726564042926844444
b7ffdddf-c837-4cfb-847c-62501b01428b,171c4f52-3f2b-49b3-a00a-1e745e8c81dc,1726564042960177777
b7ffdddf-c837-4cfb-847c-62501b01428b,171c4f52-3f2b-49b3-a00a-1e745e8c81dc,1726564042993522222
b7ffdddf-c837-4cfb-847c-62501b01428b,171c4f52-3f2b-49b3-a00a-1e745e8c81dc,1726564043026866666
b7ffdddf-c837-4cfb-847c-62501b01428b,171c4f52-3f2b-49b3-a00a-1e745e8c81dc,1726564043060211111
b7ffdddf-c837-4cfb-847c-62501b01428b,171c4f52-3f2b-49b3-a00a-1e745e8c81dc,1726564043093555555
b7ffdddf-c837-4cfb-847c-62501b01428b,171c4f52-3f2b-49b3-a00a-1e745e8c81dc,1726564043126900000
b7ffdddf-c837-4cfb-847c-62501b01428b,171c4f52-3f2b-49b3-a00a-1e745e8c81dc,1726564043160233333
b7ffdddf-c837-4cfb-847c-62501b01428b,171c4f52-3f2b-49b3-a00a-1e745e8c81dc,1726564043193577777
b7ffdddf-c837-4cfb-847c-62501b01428b,171c4f52-3f2b-49b3-a00a-1e745e8c81dc,1726564043226922222
b7ffdddf-c837-4cfb-847c-62501b01428b,171c4f52-3f2b-49b3-a00a-1e745e8c81dc,1726564043260266666
b7ffdddf-c837-4cfb-847c-62501b01428b,171c4f52-3f2b-49b3-a00a-1e745e8c81dc,1726564043293611111
b7ffdddf-c837-4cfb-847c-62501b01428b,171c4f52-3f2b-49b3-a00a-1e745e8c81dc,1726564043326944444
b7ffdddf-c837-4cfb-847c-62501b01428b,171c4f52-3f2b-49b3-a00a-1e745e8c81dc,1726564043360288888
b7ffdddf-c837-4cfb-847c-62501b01428b,171c4f52-3f2b-49b3-a00a-1e745e8c81dc,1726564043393633333
b7ffdddf-c837-4cfb-847c-62501b01428b,171c4f52-3f2b-49b3-a00a-1e745e8c81dc,1726564043426977777
b7ffdddf-c837-4cfb-847c-62501b01428b,171c4f52-3f2b-49b3-a00a-1e745e8c81dc,1726564043460322222
b7ffdddf-c837-4cfb-847c-62501b01428b,171c4f52-3f2b-49b3-a00a-1e745e8c81dc,1726564043493666666
b7ffdddf-c837-4cfb-847c-62501b01428b,171c4f52-3f2b-49b3-a00a-1e745e8c81dc,1726564043526999999
b7ffdddf-c837-4cfb-847c-62501b01428b,171c4f52-3f2b-49b3-a00a-1e745e8c81dc,1726564043560344444
b7ffdddf-c837-4cfb-847c-62501b01428b,171c4f52-3f2b-49b3-a00a-1e745e8c81dc,1726564043593688888
b7ffdddf-c837-4cfb-847c-62501b01428b,171c4f52-3f2b-49b3-a00a-1e745e8c81dc,1726564043627033333
b7ffdddf-c837-4cfb-847c-62501b01428b,171c4f52-3f2b-49b3-a00a-1e745e8c81dc,1726564043660377777
b7ffdddf-c837-4cfb-847c-62501b01428b,171c4f52-3f2b-49b3-a00a-1e745e8c81dc,1726564043693711111
b7ffdddf-c837-4cfb-847c-62501b01428b,171c4f52-3f2b-49b3-a00a-1e745e8c81dc,1726564043727055555
b7ffdddf-c837-4cfb-847c-62501b01428b,171c4f52-3f2b-49b3-a00a-1e745e8c81dc,1726564043760400000
b7ffdddf-c837-4cfb-847c-62501b01428b,171c4f52-3f2b-49b3-a00a-1e745e8c81dc,1726564043793744444
b7ffdddf-c837-4cfb-847c-62501b01428b,171c4f52-3f2b-49b3-a00a-1e745e8c81dc,1726564043827088888
b7ffdddf-c837-4cfb-847c-62501b01428b,171c4f52-3f2b-49b3-a00a-1e745e8c81dc,1726564043860433333
b7ffdddf-c837-4cfb-847c-62501b01428b,171c4f52-3f2b-49b3-a00a-1e745e8c81dc,1726564043893766666
b7ffdddf-c837-4cfb-847c-62501b01428b,171c4f52-3f2b-49b3-a00a-1e745e8c81dc,1726564043927111111
b7ffdddf-c837-4cfb-847c-62501b01428b,171c4f52-3f2b-49b3-a00a-1e745e8c81dc,1726564043960455555
b7ffdddf-c837-4cfb-847c-62501b01428b,171c4f52-3f2b-49b3-a00a-1e745e8c81dc,1726564043993800000
b7ffdddf-c837-4cfb-847c-62501b01428b,171c4f52-3f2b-49b3-a00a-1e745e8c81dc,1726564044027144444
b7ffdddf-c837-4cfb-847c-62501b01428b,171c4f52-3f2b-49b3-a00a-1e745e8c81dc,1726564044060488888
b7ffdddf-c837-4cfb-847c-62501b01428b,171c4f52-3f2b-49b3-a00a-1e745e8c81dc,1726564044093822222
b7ffdddf-c837-4cfb-847c-62501b01428b,171c4f52-3f2b-49b3-a00a-1e745e8c81dc,1726564044127166666
b7ffdddf-c837-4cfb-847c-62501b01428b,171c4f52-3f2b-49b3-a00a-1e745e8c81dc,1726564044160511111
b7ffdddf-c837-4cfb-847c-62501b01428b,171c4f52-3f2b-49b3-a00a-1e745e8c81dc,1726564044193855555
b7ffdddf-c837-4cfb-847c-62501b01428b,171c4f52-3f2b-49b3-a00a-1e745e8c81dc,1726564044227200000
b7ffdddf-c837-4cfb-847c-62501b01428b,171c4f52-3f2b-49b3-a00a-1e745e8c81dc,1726564044260533333
b7ffdddf-c837-4cfb-847c-62501b01428b,171c4f52-3f2b-49b3-a00a-1e745e8c81dc,1726564044293877777
b7ffdddf-c837-4cfb-847c-62501b01428b,171c4f52-3f2b-49b3-a00a-1e745e8c81dc,1726564044327222222
